,fileID,bbx_0_name
0,000001.jpg,3
1,000002.jpg,18
2,000003.jpg,12
3,000004.jpg,2
4,000006.jpg,7
5,000008.jpg,1
6,000010.jpg,14
7,000011.jpg,5
8,000013.jpg,17
9,000014.jpg,19
10,000015.jpg,13
11,000018.jpg,3
12,000022.jpg,14
13,000025.jpg,17
14,000027.jpg,0
15,000028.jpg,5
16,000029.jpg,3
17,000031.jpg,18
18,000037.jpg,3
19,000038.jpg,13
20,000040.jpg,6
21,000043.jpg,0
22,000045.jpg,11
23,000049.jpg,5
24,000053.jpg,5
25,000054.jpg,19
26,000055.jpg,15
27,000056.jpg,14
28,000057.jpg,6
29,000058.jpg,0
30,000059.jpg,11
31,000062.jpg,8
32,000067.jpg,10
33,000068.jpg,6
34,000069.jpg,9
35,000070.jpg,7
36,000071.jpg,2
37,000074.jpg,2
38,000075.jpg,3
39,000076.jpg,0
40,000079.jpg,3
41,000080.jpg,9
42,000082.jpg,2
43,000084.jpg,1
44,000085.jpg,1
45,000086.jpg,3
46,000087.jpg,18
47,000088.jpg,18
48,000090.jpg,1
49,000092.jpg,5
50,000094.jpg,15
51,000096.jpg,0
52,000097.jpg,12
53,000098.jpg,5
54,000100.jpg,18
55,000103.jpg,2
56,000105.jpg,9
57,000106.jpg,6
58,000108.jpg,3
59,000111.jpg,0
60,000114.jpg,5
61,000115.jpg,6
62,000116.jpg,12
63,000119.jpg,5
64,000124.jpg,0
65,000126.jpg,16
66,000127.jpg,6
67,000128.jpg,10
68,000135.jpg,2
69,000136.jpg,5
70,000137.jpg,2
71,000139.jpg,13
72,000144.jpg,1
73,000145.jpg,18
74,000148.jpg,6
75,000149.jpg,7
76,000151.jpg,4
77,000152.jpg,2
78,000155.jpg,13
79,000157.jpg,5
80,000160.jpg,12
81,000166.jpg,0
82,000167.jpg,3
83,000168.jpg,0
84,000172.jpg,2
85,000175.jpg,8
86,000176.jpg,8
87,000178.jpg,4
88,000179.jpg,9
89,000181.jpg,0
90,000182.jpg,12
91,000183.jpg,3
92,000185.jpg,0
93,000186.jpg,6
94,000188.jpg,19
95,000191.jpg,0
96,000195.jpg,19
97,000196.jpg,1
98,000197.jpg,2
99,000199.jpg,6
100,000201.jpg,0
101,000202.jpg,4
102,000204.jpg,11
103,000205.jpg,0
104,000206.jpg,0
105,000212.jpg,0
106,000213.jpg,5
107,000216.jpg,10
108,000217.jpg,16
109,000223.jpg,18
110,000226.jpg,1
111,000227.jpg,5
112,000230.jpg,13
113,000231.jpg,19
114,000234.jpg,1
115,000237.jpg,0
116,000238.jpg,18
117,000239.jpg,19
118,000240.jpg,9
119,000243.jpg,10
120,000247.jpg,1
121,000248.jpg,0
122,000252.jpg,2
123,000253.jpg,18
124,000254.jpg,2
125,000255.jpg,3
126,000258.jpg,3
127,000260.jpg,10
128,000261.jpg,13
129,000264.jpg,15
130,000265.jpg,11
131,000267.jpg,14
132,000271.jpg,2
133,000272.jpg,0
134,000273.jpg,17
135,000274.jpg,6
136,000277.jpg,12
137,000279.jpg,0
138,000280.jpg,4
139,000281.jpg,18
140,000283.jpg,0
141,000284.jpg,2
142,000286.jpg,0
143,000287.jpg,0
144,000290.jpg,3
145,000291.jpg,11
146,000292.jpg,5
147,000293.jpg,0
148,000295.jpg,9
149,000297.jpg,17
150,000299.jpg,12
151,000300.jpg,2
152,000301.jpg,2
153,000309.jpg,6
154,000310.jpg,0
155,000313.jpg,2
156,000314.jpg,12
157,000315.jpg,0
158,000316.jpg,10
159,000319.jpg,14
160,000324.jpg,3
161,000326.jpg,6
162,000327.jpg,4
163,000330.jpg,0
164,000333.jpg,18
165,000335.jpg,4
166,000339.jpg,1
167,000341.jpg,19
168,000342.jpg,11
169,000345.jpg,17
170,000346.jpg,4
171,000348.jpg,0
172,000350.jpg,9
173,000351.jpg,2
174,000353.jpg,15
175,000356.jpg,0
176,000357.jpg,6
177,000358.jpg,2
178,000360.jpg,17
179,000361.jpg,2
180,000362.jpg,3
181,000364.jpg,15
182,000365.jpg,5
183,000366.jpg,16
184,000368.jpg,0
185,000369.jpg,4
186,000371.jpg,9
187,000375.jpg,9
188,000376.jpg,8
189,000377.jpg,0
190,000378.jpg,14
191,000383.jpg,6
192,000384.jpg,12
193,000385.jpg,1
194,000386.jpg,17
195,000388.jpg,0
196,000389.jpg,7
197,000390.jpg,2
198,000392.jpg,14
199,000393.jpg,0
200,000397.jpg,11
201,000398.jpg,18
202,000399.jpg,13
203,000401.jpg,5
204,000402.jpg,2
205,000405.jpg,0
206,000409.jpg,0
207,000410.jpg,14
208,000412.jpg,14
209,000413.jpg,0
210,000414.jpg,11
211,000415.jpg,2
212,000418.jpg,10
213,000421.jpg,11
214,000422.jpg,3
215,000423.jpg,0
216,000425.jpg,2
217,000426.jpg,6
218,000429.jpg,7
219,000432.jpg,17
220,000434.jpg,14
221,000436.jpg,6
222,000437.jpg,0
223,000440.jpg,2
224,000441.jpg,18
225,000442.jpg,5
226,000444.jpg,9
227,000445.jpg,14
228,000447.jpg,4
229,000449.jpg,9
230,000451.jpg,8
231,000452.jpg,12
232,000453.jpg,0
233,000455.jpg,0
234,000456.jpg,19
235,000457.jpg,0
236,000458.jpg,8
237,000465.jpg,2
238,000466.jpg,6
239,000467.jpg,15
240,000471.jpg,2
241,000472.jpg,6
242,000473.jpg,10
243,000475.jpg,8
244,000478.jpg,3
245,000479.jpg,0
246,000481.jpg,9
247,000485.jpg,0
248,000487.jpg,1
249,000488.jpg,2
250,000490.jpg,12
251,000493.jpg,0
252,000495.jpg,6
253,000497.jpg,15
254,000502.jpg,0
255,000504.jpg,17
256,000505.jpg,2
257,000506.jpg,12
258,000507.jpg,2
259,000510.jpg,1
260,000511.jpg,18
261,000512.jpg,19
262,000517.jpg,5
263,000521.jpg,10
264,000527.jpg,0
265,000529.jpg,9
266,000532.jpg,15
267,000533.jpg,3
268,000534.jpg,0
269,000536.jpg,19
270,000538.jpg,9
271,000539.jpg,3
272,000542.jpg,5
273,000546.jpg,3
274,000547.jpg,1
275,000548.jpg,2
276,000551.jpg,3
277,000553.jpg,15
278,000556.jpg,18
279,000557.jpg,6
280,000558.jpg,9
281,000560.jpg,10
282,000561.jpg,6
283,000562.jpg,13
284,000566.jpg,0
285,000567.jpg,13
286,000568.jpg,6
287,000569.jpg,6
288,000570.jpg,15
289,000571.jpg,11
290,000572.jpg,13
291,000573.jpg,1
292,000574.jpg,8
293,000575.jpg,7
294,000576.jpg,9
295,000578.jpg,0
296,000580.jpg,2
297,000584.jpg,13
298,000585.jpg,2
299,000586.jpg,2
300,000587.jpg,16
301,000593.jpg,2
302,000594.jpg,13
303,000595.jpg,1
304,000596.jpg,8
305,000600.jpg,10
306,000602.jpg,0
307,000603.jpg,12
308,000604.jpg,14
309,000606.jpg,16
310,000607.jpg,2
311,000611.jpg,3
312,000614.jpg,13
313,000615.jpg,12
314,000616.jpg,0
315,000617.jpg,16
316,000618.jpg,10
317,000621.jpg,16
318,000623.jpg,14
319,000624.jpg,0
320,000627.jpg,8
321,000629.jpg,18
322,000630.jpg,15
323,000631.jpg,9
324,000634.jpg,0
325,000636.jpg,18
326,000638.jpg,0
327,000639.jpg,0
328,000640.jpg,13
329,000641.jpg,1
330,000642.jpg,1
331,000643.jpg,15
332,000644.jpg,11
333,000646.jpg,2
334,000649.jpg,2
335,000650.jpg,7
336,000651.jpg,5
337,000652.jpg,1
338,000655.jpg,0
339,000658.jpg,12
340,000659.jpg,11
341,000662.jpg,12
342,000664.jpg,0
343,000665.jpg,10
344,000666.jpg,14
345,000668.jpg,10
346,000669.jpg,2
347,000670.jpg,0
348,000673.jpg,5
349,000674.jpg,18
350,000678.jpg,18
351,000679.jpg,2
352,000681.jpg,6
353,000683.jpg,0
354,000687.jpg,2
355,000691.jpg,1
356,000692.jpg,0
357,000693.jpg,2
358,000696.jpg,10
359,000697.jpg,13
360,000698.jpg,7
361,000701.jpg,0
362,000703.jpg,18
363,000704.jpg,14
364,000706.jpg,10
365,000708.jpg,6
366,000715.jpg,2
367,000716.jpg,3
368,000718.jpg,3
369,000719.jpg,19
370,000721.jpg,2
371,000722.jpg,3
372,000723.jpg,19
373,000724.jpg,2
374,000725.jpg,17
375,000727.jpg,19
376,000732.jpg,18
377,000734.jpg,0
378,000735.jpg,18
379,000736.jpg,2
380,000737.jpg,14
381,000741.jpg,5
382,000743.jpg,18
383,000744.jpg,16
384,000745.jpg,16
385,000747.jpg,2
386,000749.jpg,16
387,000751.jpg,3
388,000757.jpg,2
389,000758.jpg,11
390,000759.jpg,3
391,000762.jpg,16
392,000765.jpg,0
393,000766.jpg,0
394,000769.jpg,0
395,000773.jpg,6
396,000775.jpg,15
397,000778.jpg,2
398,000779.jpg,8
399,000781.jpg,0
400,000783.jpg,0
401,000784.jpg,7
402,000785.jpg,3
403,000788.jpg,2
404,000789.jpg,8
405,000790.jpg,11
406,000792.jpg,9
407,000795.jpg,18
408,000798.jpg,12
409,000801.jpg,2
410,000803.jpg,5
411,000807.jpg,0
412,000809.jpg,2
413,000811.jpg,9
414,000813.jpg,11
415,000817.jpg,10
416,000819.jpg,0
417,000821.jpg,6
418,000824.jpg,18
419,000825.jpg,13
420,000833.jpg,19
421,000835.jpg,18
422,000836.jpg,0
423,000837.jpg,9
424,000838.jpg,6
425,000839.jpg,12
426,000840.jpg,12
427,000841.jpg,12
428,000844.jpg,2
429,000846.jpg,10
430,000852.jpg,6
431,000853.jpg,3
432,000856.jpg,1
433,000858.jpg,19
434,000861.jpg,0
435,000864.jpg,19
436,000866.jpg,14
437,000869.jpg,0
438,000870.jpg,16
439,000873.jpg,15
440,000875.jpg,8
441,000877.jpg,5
442,000881.jpg,2
443,000883.jpg,2
444,000884.jpg,8
445,000886.jpg,0
446,000890.jpg,7
447,000891.jpg,13
448,000893.jpg,4
449,000894.jpg,15
450,000897.jpg,3
451,000901.jpg,0
452,000905.jpg,1
453,000907.jpg,0
454,000909.jpg,0
455,000910.jpg,0
456,000913.jpg,3
457,000914.jpg,9
458,000916.jpg,0
459,000922.jpg,18
460,000924.jpg,19
461,000925.jpg,8
462,000927.jpg,0
463,000928.jpg,5
464,000930.jpg,0
465,000932.jpg,2
466,000933.jpg,7
467,000938.jpg,1
468,000939.jpg,0
469,000940.jpg,0
470,000941.jpg,12
471,000942.jpg,18
472,000944.jpg,0
473,000945.jpg,2
474,000952.jpg,0
475,000953.jpg,1
476,000955.jpg,0
477,000956.jpg,11
478,000957.jpg,3
479,000959.jpg,0
480,000960.jpg,6
481,000961.jpg,11
482,000963.jpg,3
483,000968.jpg,10
484,000969.jpg,0
485,000970.jpg,18
486,000974.jpg,11
487,000975.jpg,3
488,000976.jpg,10
489,000978.jpg,14
490,000979.jpg,15
491,000981.jpg,0
492,000983.jpg,7
493,000984.jpg,0
494,000985.jpg,2
495,000986.jpg,17
496,000988.jpg,0
497,000990.jpg,0
498,000992.jpg,8
499,000994.jpg,11
500,000995.jpg,9
501,000998.jpg,5
502,001000.jpg,3
503,001003.jpg,2
504,001005.jpg,2
505,001006.jpg,0
506,001007.jpg,11
507,001013.jpg,14
508,001016.jpg,18
509,001019.jpg,5
510,001020.jpg,0
511,001021.jpg,1
512,001022.jpg,2
513,001023.jpg,4
514,001025.jpg,1
515,001026.jpg,3
516,001029.jpg,11
517,001030.jpg,18
518,001031.jpg,0
519,001032.jpg,5
520,001033.jpg,0
521,001034.jpg,2
522,001035.jpg,16
523,001037.jpg,3
524,001038.jpg,0
525,001039.jpg,1
526,001040.jpg,12
527,001044.jpg,3
528,001046.jpg,10
529,001047.jpg,4
530,001048.jpg,5
531,001049.jpg,9
532,001051.jpg,6
533,001054.jpg,3
534,001055.jpg,0
535,001058.jpg,2
536,001059.jpg,9
537,001063.jpg,14
538,001065.jpg,0
539,001067.jpg,12
540,001070.jpg,7
541,001075.jpg,3
542,001076.jpg,9
543,001080.jpg,10
544,001081.jpg,1
545,001085.jpg,2
546,001086.jpg,0
547,001087.jpg,1
548,001088.jpg,3
549,001089.jpg,13
550,001090.jpg,2
551,001094.jpg,18
552,001095.jpg,0
553,001096.jpg,0
554,001098.jpg,5
555,001099.jpg,10
556,001100.jpg,17
557,001103.jpg,17
558,001105.jpg,16
559,001108.jpg,0
560,001111.jpg,2
561,001114.jpg,14
562,001115.jpg,18
563,001116.jpg,0
564,001117.jpg,12
565,001118.jpg,0
566,001120.jpg,17
567,001122.jpg,6
568,001123.jpg,3
569,001126.jpg,10
570,001128.jpg,5
571,001131.jpg,3
572,001132.jpg,5
573,001133.jpg,12
574,001134.jpg,15
575,001135.jpg,2
576,001138.jpg,1
577,001139.jpg,1
578,001141.jpg,9
579,001146.jpg,3
580,001150.jpg,3
581,001153.jpg,10
582,001155.jpg,2
583,001157.jpg,15
584,001159.jpg,12
585,001162.jpg,12
586,001163.jpg,12
587,001165.jpg,13
588,001167.jpg,0
589,001169.jpg,0
590,001173.jpg,5
591,001177.jpg,4
592,001178.jpg,18
593,001179.jpg,1
594,001180.jpg,7
595,001181.jpg,6
596,001183.jpg,14
597,001188.jpg,9
598,001189.jpg,16
599,001190.jpg,3
600,001193.jpg,13
601,001195.jpg,3
602,001196.jpg,6
603,001197.jpg,12
604,001198.jpg,2
605,001202.jpg,3
606,001208.jpg,5
607,001210.jpg,0
608,001213.jpg,13
609,001216.jpg,5
610,001217.jpg,12
611,001218.jpg,19
612,001219.jpg,18
613,001220.jpg,12
614,001222.jpg,0
615,001223.jpg,10
616,001227.jpg,9
617,001228.jpg,5
618,001232.jpg,3
619,001235.jpg,6
620,001238.jpg,0
621,001242.jpg,0
622,001243.jpg,0
623,001244.jpg,1
624,001245.jpg,14
625,001246.jpg,1
626,001249.jpg,5
627,001251.jpg,0
628,001252.jpg,2
629,001253.jpg,0
630,001255.jpg,7
631,001256.jpg,13
632,001257.jpg,3
633,001261.jpg,1
634,001262.jpg,6
635,001264.jpg,15
636,001267.jpg,2
637,001271.jpg,0
638,001275.jpg,6
639,001276.jpg,1
640,001278.jpg,18
641,001280.jpg,2
642,001282.jpg,0
643,001283.jpg,2
644,001285.jpg,15
645,001291.jpg,2
646,001295.jpg,4
647,001296.jpg,0
648,001297.jpg,12
649,001300.jpg,14
650,001301.jpg,15
651,001302.jpg,1
652,001303.jpg,0
653,001305.jpg,10
654,001306.jpg,3
655,001307.jpg,13
656,001308.jpg,2
657,001313.jpg,5
658,001317.jpg,14
659,001318.jpg,19
660,001319.jpg,1
661,001320.jpg,0
662,001321.jpg,2
663,001322.jpg,3
664,001328.jpg,3
665,001329.jpg,13
666,001331.jpg,2
667,001335.jpg,2
668,001336.jpg,0
669,001338.jpg,11
670,001339.jpg,3
671,001340.jpg,3
672,001342.jpg,0
673,001344.jpg,8
674,001347.jpg,12
675,001349.jpg,4
676,001351.jpg,1
677,001353.jpg,3
678,001354.jpg,4
679,001355.jpg,9
680,001356.jpg,2
681,001357.jpg,15
682,001358.jpg,0
683,001359.jpg,18
684,001363.jpg,11
685,001366.jpg,3
686,001367.jpg,11
687,001368.jpg,0
688,001369.jpg,2
689,001370.jpg,13
690,001372.jpg,0
691,001373.jpg,10
692,001374.jpg,12
693,001376.jpg,2
694,001377.jpg,10
695,001379.jpg,2
696,001380.jpg,7
697,001381.jpg,5
698,001382.jpg,2
699,001389.jpg,5
700,001391.jpg,12
701,001392.jpg,11
702,001394.jpg,9
703,001396.jpg,0
704,001398.jpg,14
705,001399.jpg,6
706,001401.jpg,12
707,001403.jpg,13
708,001407.jpg,1
709,001410.jpg,9
710,001411.jpg,0
711,001412.jpg,14
712,001415.jpg,6
713,001416.jpg,8
714,001417.jpg,0
715,001419.jpg,0
716,001422.jpg,2
717,001423.jpg,0
718,001424.jpg,19
719,001425.jpg,6
720,001428.jpg,5
721,001429.jpg,4
722,001431.jpg,16
723,001433.jpg,10
724,001435.jpg,2
725,001437.jpg,7
726,001438.jpg,16
727,001440.jpg,6
728,001446.jpg,15
729,001447.jpg,15
730,001448.jpg,0
731,001449.jpg,18
732,001452.jpg,14
733,001454.jpg,0
734,001456.jpg,4
735,001458.jpg,12
736,001459.jpg,11
737,001461.jpg,12
738,001462.jpg,5
739,001469.jpg,0
740,001471.jpg,17
741,001473.jpg,0
742,001474.jpg,9
743,001476.jpg,15
744,001477.jpg,8
745,001478.jpg,7
746,001482.jpg,0
747,001487.jpg,9
748,001489.jpg,1
749,001491.jpg,2
750,001495.jpg,0
751,001496.jpg,13
752,001500.jpg,11
753,001502.jpg,0
754,001503.jpg,0
755,001505.jpg,10
756,001506.jpg,0
757,001507.jpg,3
758,001508.jpg,17
759,001511.jpg,2
760,001513.jpg,1
761,001516.jpg,15
762,001518.jpg,12
763,001519.jpg,1
764,001520.jpg,5
765,001525.jpg,2
766,001527.jpg,9
767,001530.jpg,6
768,001533.jpg,0
769,001534.jpg,16
770,001535.jpg,2
771,001538.jpg,0
772,001540.jpg,12
773,001542.jpg,5
774,001546.jpg,11
775,001547.jpg,10
776,001549.jpg,11
777,001550.jpg,2
778,001551.jpg,11
779,001552.jpg,2
780,001558.jpg,0
781,001560.jpg,2
782,001562.jpg,3
783,001564.jpg,0
784,001566.jpg,0
785,001567.jpg,18
786,001568.jpg,10
787,001569.jpg,4
788,001570.jpg,0
789,001572.jpg,2
790,001573.jpg,5
791,001574.jpg,14
792,001575.jpg,0
793,001578.jpg,18
794,001581.jpg,0
795,001583.jpg,0
796,001584.jpg,14
797,001585.jpg,0
798,001587.jpg,13
799,001589.jpg,17
800,001591.jpg,9
801,001592.jpg,5
802,001596.jpg,0
803,001599.jpg,1
804,001600.jpg,1
805,001601.jpg,3
806,001602.jpg,4
807,001605.jpg,2
808,001606.jpg,13
809,001609.jpg,16
810,001613.jpg,2
811,001615.jpg,0
812,001616.jpg,2
813,001619.jpg,15
814,001620.jpg,13
815,001621.jpg,10
816,001623.jpg,2
817,001624.jpg,14
818,001625.jpg,0
819,001626.jpg,19
820,001629.jpg,1
821,001631.jpg,4
822,001634.jpg,9
823,001635.jpg,14
824,001637.jpg,6
825,001639.jpg,3
826,001641.jpg,17
827,001644.jpg,19
828,001645.jpg,8
829,001646.jpg,9
830,001648.jpg,7
831,001652.jpg,0
832,001655.jpg,3
833,001656.jpg,0
834,001657.jpg,3
835,001658.jpg,2
836,001659.jpg,19
837,001660.jpg,10
838,001663.jpg,5
839,001664.jpg,0
840,001665.jpg,3
841,001666.jpg,7
842,001667.jpg,0
843,001668.jpg,0
844,001670.jpg,1
845,001671.jpg,8
846,001672.jpg,18
847,001674.jpg,16
848,001679.jpg,15
849,001681.jpg,6
850,001687.jpg,6
851,001692.jpg,14
852,001694.jpg,5
853,001695.jpg,11
854,001696.jpg,0
855,001697.jpg,17
856,001698.jpg,9
857,001700.jpg,2
858,001701.jpg,2
859,001702.jpg,5
860,001703.jpg,0
861,001704.jpg,11
862,001705.jpg,9
863,001706.jpg,0
864,001709.jpg,0
865,001710.jpg,0
866,001712.jpg,1
867,001715.jpg,7
868,001716.jpg,17
869,001719.jpg,6
870,001720.jpg,4
871,001722.jpg,0
872,001728.jpg,0
873,001731.jpg,3
874,001735.jpg,1
875,001736.jpg,19
876,001737.jpg,15
877,001740.jpg,16
878,001742.jpg,11
879,001743.jpg,0
880,001744.jpg,15
881,001745.jpg,6
882,001748.jpg,0
883,001751.jpg,3
884,001753.jpg,18
885,001757.jpg,16
886,001760.jpg,0
887,001762.jpg,5
888,001763.jpg,5
889,001764.jpg,17
890,001767.jpg,3
891,001769.jpg,14
892,001770.jpg,9
893,001773.jpg,1
894,001774.jpg,5
895,001776.jpg,2
896,001779.jpg,12
897,001781.jpg,0
898,001783.jpg,10
899,001786.jpg,7
900,001788.jpg,18
901,001790.jpg,5
902,001791.jpg,0
903,001792.jpg,0
904,001794.jpg,14
905,001796.jpg,15
906,001798.jpg,15
907,001802.jpg,18
908,001803.jpg,18
909,001804.jpg,2
910,001805.jpg,0
911,001808.jpg,0
912,001811.jpg,11
913,001812.jpg,7
914,001813.jpg,11
915,001814.jpg,1
916,001815.jpg,9
917,001817.jpg,19
918,001819.jpg,14
919,001820.jpg,2
920,001822.jpg,9
921,001823.jpg,0
922,001824.jpg,11
923,001826.jpg,11
924,001829.jpg,4
925,001831.jpg,0
926,001835.jpg,5
927,001838.jpg,2
928,001839.jpg,3
929,001844.jpg,19
930,001846.jpg,2
931,001848.jpg,10
932,001850.jpg,10
933,001851.jpg,3
934,001852.jpg,8
935,001856.jpg,1
936,001857.jpg,2
937,001859.jpg,13
938,001863.jpg,2
939,001865.jpg,14
940,001866.jpg,3
941,001867.jpg,7
942,001868.jpg,12
943,001869.jpg,7
944,001871.jpg,11
945,001873.jpg,2
946,001874.jpg,5
947,001876.jpg,18
948,001879.jpg,12
949,001880.jpg,7
950,001883.jpg,2
951,001884.jpg,19
952,001885.jpg,10
953,001886.jpg,0
954,001889.jpg,15
955,001890.jpg,5
956,001891.jpg,0
957,001893.jpg,0
958,001895.jpg,9
959,001897.jpg,19
960,001900.jpg,14
961,001905.jpg,11
962,001908.jpg,2
963,001909.jpg,5
964,001910.jpg,6
965,001912.jpg,10
966,001913.jpg,2
967,001914.jpg,3
968,001916.jpg,15
969,001917.jpg,17
970,001919.jpg,2
971,001921.jpg,0
972,001923.jpg,2
973,001924.jpg,2
974,001925.jpg,4
975,001926.jpg,6
976,001929.jpg,10
977,001935.jpg,18
978,001939.jpg,14
979,001942.jpg,2
980,001943.jpg,0
981,001946.jpg,0
982,001947.jpg,0
983,001949.jpg,1
984,001951.jpg,2
985,001953.jpg,19
986,001955.jpg,14
987,001956.jpg,2
988,001957.jpg,4
989,001959.jpg,6
990,001961.jpg,1
991,001965.jpg,2
992,001966.jpg,5
993,001967.jpg,6
994,001968.jpg,0
995,001969.jpg,0
996,001973.jpg,5
997,001974.jpg,9
998,001975.jpg,0
999,001979.jpg,0
1000,001983.jpg,19
1001,001984.jpg,3
1002,001986.jpg,0
1003,001987.jpg,17
1004,001988.jpg,13
1005,001990.jpg,1
1006,001991.jpg,2
1007,001992.jpg,3
1008,001993.jpg,0
1009,001994.jpg,10
1010,001996.jpg,10
1011,001997.jpg,6
1012,001998.jpg,15
1013,002003.jpg,5
1014,002005.jpg,17
1015,002007.jpg,10
1016,002008.jpg,13
1017,002009.jpg,18
1018,002010.jpg,3
1019,002013.jpg,12
1020,002014.jpg,10
1021,002016.jpg,3
1022,002017.jpg,14
1023,002018.jpg,12
1024,002026.jpg,12
1025,002028.jpg,6
1026,002029.jpg,9
1027,002031.jpg,14
1028,002032.jpg,18
1029,002033.jpg,8
1030,002035.jpg,12
1031,002038.jpg,5
1032,002040.jpg,2
1033,002041.jpg,2
1034,002044.jpg,6
1035,002046.jpg,14
1036,002048.jpg,5
1037,002050.jpg,14
1038,002052.jpg,10
1039,002053.jpg,18
1040,002057.jpg,2
1041,002059.jpg,5
1042,002060.jpg,13
1043,002062.jpg,11
1044,002065.jpg,0
1045,002066.jpg,18
1046,002071.jpg,0
1047,002072.jpg,14
1048,002073.jpg,11
1049,002074.jpg,11
1050,002075.jpg,6
1051,002076.jpg,3
1052,002077.jpg,12
1053,002078.jpg,13
1054,002079.jpg,0
1055,002080.jpg,18
1056,002081.jpg,11
1057,002084.jpg,5
1058,002085.jpg,9
1059,002087.jpg,0
1060,002089.jpg,10
1061,002092.jpg,17
1062,002093.jpg,11
1063,002097.jpg,0
1064,002100.jpg,1
1065,002103.jpg,6
1066,002105.jpg,15
1067,002106.jpg,5
1068,002107.jpg,10
1069,002110.jpg,0
1070,002111.jpg,0
1071,002113.jpg,5
1072,002115.jpg,17
1073,002118.jpg,2
1074,002119.jpg,11
1075,002121.jpg,8
1076,002122.jpg,12
1077,002123.jpg,7
1078,002127.jpg,12
1079,002128.jpg,13
1080,002130.jpg,15
1081,002131.jpg,3
1082,002133.jpg,3
1083,002137.jpg,8
1084,002138.jpg,3
1085,002141.jpg,3
1086,002143.jpg,2
1087,002144.jpg,6
1088,002147.jpg,5
1089,002148.jpg,18
1090,002149.jpg,2
1091,002150.jpg,18
1092,002154.jpg,2
1093,002157.jpg,10
1094,002159.jpg,1
1095,002160.jpg,3
1096,002161.jpg,1
1097,002162.jpg,5
1098,002164.jpg,0
1099,002167.jpg,5
1100,002168.jpg,0
1101,002173.jpg,17
1102,002175.jpg,9
1103,002177.jpg,19
1104,002185.jpg,15
1105,002188.jpg,16
1106,002189.jpg,16
1107,002195.jpg,0
1108,002198.jpg,10
1109,002200.jpg,3
1110,002203.jpg,3
1111,002204.jpg,14
1112,002205.jpg,5
1113,002206.jpg,18
1114,002207.jpg,3
1115,002210.jpg,2
1116,002211.jpg,0
1117,002216.jpg,19
1118,002217.jpg,10
1119,002222.jpg,5
1120,002223.jpg,0
1121,002225.jpg,9
1122,002227.jpg,11
1123,002229.jpg,0
1124,002230.jpg,12
1125,002231.jpg,4
1126,002232.jpg,2
1127,002235.jpg,4
1128,002236.jpg,18
1129,002239.jpg,13
1130,002240.jpg,1
1131,002242.jpg,2
1132,002243.jpg,3
1133,002245.jpg,2
1134,002246.jpg,10
1135,002250.jpg,0
1136,002252.jpg,11
1137,002254.jpg,3
1138,002258.jpg,11
1139,002262.jpg,0
1140,002264.jpg,1
1141,002269.jpg,14
1142,002271.jpg,2
1143,002274.jpg,9
1144,002275.jpg,5
1145,002282.jpg,11
1146,002283.jpg,14
1147,002286.jpg,3
1148,002289.jpg,18
1149,002292.jpg,13
1150,002294.jpg,2
1151,002295.jpg,0
1152,002296.jpg,0
1153,002297.jpg,12
1154,002298.jpg,0
1155,002299.jpg,17
1156,002301.jpg,1
1157,002303.jpg,5
1158,002304.jpg,5
1159,002309.jpg,6
1160,002312.jpg,5
1161,002313.jpg,17
1162,002314.jpg,17
1163,002316.jpg,6
1164,002317.jpg,19
1165,002319.jpg,2
1166,002322.jpg,1
1167,002325.jpg,13
1168,002326.jpg,17
1169,002327.jpg,3
1170,002331.jpg,14
1171,002336.jpg,6
1172,002338.jpg,8
1173,002339.jpg,7
1174,002341.jpg,0
1175,002344.jpg,0
1176,002346.jpg,2
1177,002349.jpg,2
1178,002351.jpg,18
1179,002353.jpg,1
1180,002356.jpg,11
1181,002357.jpg,10
1182,002358.jpg,2
1183,002360.jpg,14
1184,002363.jpg,0
1185,002365.jpg,0
1186,002370.jpg,0
1187,002379.jpg,0
1188,002380.jpg,6
1189,002381.jpg,7
1190,002383.jpg,19
1191,002386.jpg,18
1192,002388.jpg,5
1193,002389.jpg,16
1194,002390.jpg,9
1195,002394.jpg,11
1196,002395.jpg,9
1197,002396.jpg,3
1198,002397.jpg,0
1199,002398.jpg,14
1200,002399.jpg,0
1201,002400.jpg,6
1202,002402.jpg,0
1203,002406.jpg,2
1204,002408.jpg,3
1205,002409.jpg,14
1206,002412.jpg,6
1207,002414.jpg,12
1208,002416.jpg,2
1209,002418.jpg,18
1210,002421.jpg,0
1211,002422.jpg,7
1212,002424.jpg,2
1213,002426.jpg,0
1214,002428.jpg,3
1215,002429.jpg,4
1216,002430.jpg,5
1217,002431.jpg,6
1218,002432.jpg,6
1219,002434.jpg,0
1220,002438.jpg,0
1221,002440.jpg,5
1222,002446.jpg,2
1223,002447.jpg,3
1224,002449.jpg,9
1225,002451.jpg,7
1226,002453.jpg,5
1227,002455.jpg,12
1228,002457.jpg,18
1229,002463.jpg,0
1230,002464.jpg,3
1231,002467.jpg,10
1232,002469.jpg,11
1233,002473.jpg,13
1234,002474.jpg,9
1235,002475.jpg,13
1236,002482.jpg,7
1237,002484.jpg,2
1238,002485.jpg,3
1239,002486.jpg,6
1240,002487.jpg,18
1241,002488.jpg,0
1242,002489.jpg,12
1243,002495.jpg,15
1244,002498.jpg,0
1245,002499.jpg,16
1246,002503.jpg,11
1247,002506.jpg,1
1248,002507.jpg,15
1249,002509.jpg,0
1250,002510.jpg,12
1251,002511.jpg,0
1252,002515.jpg,0
1253,002516.jpg,0
1254,002517.jpg,2
1255,002521.jpg,18
1256,002522.jpg,2
1257,002526.jpg,2
1258,002527.jpg,7
1259,002528.jpg,0
1260,002530.jpg,19
1261,002531.jpg,2
1262,002532.jpg,18
1263,002535.jpg,3
1264,002536.jpg,16
1265,002538.jpg,4
1266,002541.jpg,3
1267,002543.jpg,2
1268,002548.jpg,2
1269,002550.jpg,0
1270,002551.jpg,0
1271,002552.jpg,5
1272,002553.jpg,14
1273,002556.jpg,2
1274,002557.jpg,7
1275,002560.jpg,4
1276,002562.jpg,2
1277,002568.jpg,15
1278,002570.jpg,0
1279,002573.jpg,14
1280,002574.jpg,12
1281,002575.jpg,4
1282,002576.jpg,17
1283,002577.jpg,2
1284,002580.jpg,9
1285,002581.jpg,1
1286,002582.jpg,18
1287,002583.jpg,10
1288,002587.jpg,3
1289,002588.jpg,0
1290,002591.jpg,0
1291,002592.jpg,15
1292,002596.jpg,14
1293,002597.jpg,5
1294,002601.jpg,11
1295,002602.jpg,2
1296,002604.jpg,1
1297,002607.jpg,2
1298,002608.jpg,11
1299,002610.jpg,1
1300,002612.jpg,15
1301,002614.jpg,16
1302,002616.jpg,5
1303,002617.jpg,1
1304,002619.jpg,10
1305,002620.jpg,5
1306,002622.jpg,2
1307,002623.jpg,17
1308,002624.jpg,0
1309,002626.jpg,13
1310,002628.jpg,9
1311,002629.jpg,10
1312,002630.jpg,6
1313,002631.jpg,0
1314,002638.jpg,11
1315,002639.jpg,0
1316,002640.jpg,13
1317,002642.jpg,5
1318,002644.jpg,1
1319,002650.jpg,12
1320,002651.jpg,0
1321,002652.jpg,3
1322,002654.jpg,12
1323,002655.jpg,14
1324,002656.jpg,11
1325,002660.jpg,0
1326,002661.jpg,10
1327,002663.jpg,3
1328,002665.jpg,10
1329,002671.jpg,0
1330,002672.jpg,6
1331,002673.jpg,12
1332,002674.jpg,1
1333,002676.jpg,17
1334,002679.jpg,19
1335,002681.jpg,2
1336,002685.jpg,6
1337,002686.jpg,15
1338,002687.jpg,0
1339,002688.jpg,18
1340,002692.jpg,14
1341,002694.jpg,5
1342,002698.jpg,13
1343,002700.jpg,0
1344,002701.jpg,2
1345,002703.jpg,10
1346,002705.jpg,0
1347,002707.jpg,10
1348,002708.jpg,3
1349,002711.jpg,4
1350,002712.jpg,4
1351,002716.jpg,19
1352,002719.jpg,9
1353,002720.jpg,3
1354,002724.jpg,16
1355,002725.jpg,3
1356,002726.jpg,0
1357,002728.jpg,18
1358,002729.jpg,2
1359,002731.jpg,13
1360,002733.jpg,2
1361,002736.jpg,5
1362,002739.jpg,15
1363,002740.jpg,5
1364,002742.jpg,0
1365,002743.jpg,4
1366,002746.jpg,0
1367,002748.jpg,0
1368,002750.jpg,0
1369,002752.jpg,12
1370,002753.jpg,1
1371,002754.jpg,10
1372,002756.jpg,18
1373,002758.jpg,2
1374,002761.jpg,0
1375,002764.jpg,9
1376,002768.jpg,0
1377,002769.jpg,10
1378,002770.jpg,17
1379,002771.jpg,18
1380,002773.jpg,4
1381,002777.jpg,1
1382,002780.jpg,14
1383,002781.jpg,0
1384,002787.jpg,5
1385,002788.jpg,16
1386,002789.jpg,0
1387,002790.jpg,14
1388,002792.jpg,11
1389,002793.jpg,2
1390,002797.jpg,15
1391,002799.jpg,16
1392,002802.jpg,8
1393,002805.jpg,3
1394,002806.jpg,15
1395,002808.jpg,15
1396,002809.jpg,11
1397,002811.jpg,9
1398,002813.jpg,1
1399,002814.jpg,2
1400,002818.jpg,17
1401,002819.jpg,14
1402,002821.jpg,9
1403,002822.jpg,10
1404,002823.jpg,15
1405,002824.jpg,0
1406,002825.jpg,6
1407,002828.jpg,14
1408,002829.jpg,2
1409,002830.jpg,15
1410,002831.jpg,3
1411,002832.jpg,0
1412,002837.jpg,14
1413,002839.jpg,13
1414,002840.jpg,2
1415,002843.jpg,10
1416,002846.jpg,1
1417,002849.jpg,3
1418,002850.jpg,11
1419,002851.jpg,10
1420,002852.jpg,3
1421,002853.jpg,3
1422,002856.jpg,16
1423,002857.jpg,4
1424,002860.jpg,3
1425,002861.jpg,6
1426,002862.jpg,16
1427,002863.jpg,0
1428,002865.jpg,0
1429,002871.jpg,2
1430,002872.jpg,0
1431,002874.jpg,12
1432,002876.jpg,3
1433,002877.jpg,0
1434,002878.jpg,0
1435,002882.jpg,8
1436,002883.jpg,0
1437,002885.jpg,12
1438,002887.jpg,12
1439,002888.jpg,0
1440,002890.jpg,18
1441,002892.jpg,6
1442,002894.jpg,10
1443,002895.jpg,0
1444,002897.jpg,19
1445,002898.jpg,18
1446,002900.jpg,2
1447,002902.jpg,11
1448,002903.jpg,17
1449,002904.jpg,4
1450,002905.jpg,11
1451,002907.jpg,1
1452,002908.jpg,10
1453,002909.jpg,14
1454,002911.jpg,0
1455,002918.jpg,0
1456,002920.jpg,19
1457,002921.jpg,14
1458,002922.jpg,6
1459,002923.jpg,3
1460,002925.jpg,7
1461,002926.jpg,5
1462,002927.jpg,2
1463,002928.jpg,1
1464,002929.jpg,18
1465,002930.jpg,1
1466,002936.jpg,5
1467,002945.jpg,16
1468,002948.jpg,9
1469,002949.jpg,10
1470,002950.jpg,4
1471,002951.jpg,4
1472,002955.jpg,19
1473,002959.jpg,5
1474,002961.jpg,2
1475,002964.jpg,3
1476,002968.jpg,6
1477,002970.jpg,5
1478,002971.jpg,10
1479,002972.jpg,0
1480,002973.jpg,3
1481,002974.jpg,0
1482,002979.jpg,18
1483,002980.jpg,6
1484,002981.jpg,0
1485,002982.jpg,4
1486,002983.jpg,9
1487,002985.jpg,11
1488,002991.jpg,17
1489,002993.jpg,2
1490,002996.jpg,6
1491,002997.jpg,11
1492,002998.jpg,18
1493,002999.jpg,15
1494,003001.jpg,19
1495,003006.jpg,19
1496,003010.jpg,4
1497,003012.jpg,9
1498,003014.jpg,7
1499,003016.jpg,19
1500,003018.jpg,0
1501,003019.jpg,5
1502,003020.jpg,7
1503,003022.jpg,14
1504,003025.jpg,8
1505,003026.jpg,0
1506,003029.jpg,12
1507,003030.jpg,17
1508,003033.jpg,2
1509,003035.jpg,0
1510,003036.jpg,0
1511,003037.jpg,10
1512,003040.jpg,3
1513,003041.jpg,14
1514,003043.jpg,18
1515,003046.jpg,2
1516,003048.jpg,12
1517,003049.jpg,1
1518,003050.jpg,8
1519,003052.jpg,0
1520,003055.jpg,2
1521,003059.jpg,18
1522,003060.jpg,7
1523,003062.jpg,7
1524,003067.jpg,4
1525,003068.jpg,17
1526,003069.jpg,8
1527,003070.jpg,2
1528,003071.jpg,4
1529,003073.jpg,9
1530,003075.jpg,0
1531,003076.jpg,4
1532,003079.jpg,0
1533,003080.jpg,5
1534,003081.jpg,13
1535,003084.jpg,0
1536,003087.jpg,8
1537,003091.jpg,0
1538,003095.jpg,3
1539,003096.jpg,12
1540,003097.jpg,18
1541,003099.jpg,12
1542,003101.jpg,19
1543,003104.jpg,0
1544,003109.jpg,2
1545,003111.jpg,9
1546,003113.jpg,7
1547,003114.jpg,3
1548,003115.jpg,12
1549,003119.jpg,5
1550,003123.jpg,0
1551,003125.jpg,3
1552,003128.jpg,2
1553,003130.jpg,13
1554,003131.jpg,9
1555,003132.jpg,0
1556,003136.jpg,11
1557,003139.jpg,16
1558,003141.jpg,1
1559,003143.jpg,2
1560,003144.jpg,10
1561,003148.jpg,6
1562,003151.jpg,13
1563,003152.jpg,8
1564,003153.jpg,16
1565,003156.jpg,3
1566,003158.jpg,11
1567,003160.jpg,10
1568,003166.jpg,5
1569,003167.jpg,0
1570,003168.jpg,2
1571,003171.jpg,3
1572,003172.jpg,0
1573,003173.jpg,14
1574,003174.jpg,3
1575,003179.jpg,2
1576,003180.jpg,3
1577,003182.jpg,14
1578,003187.jpg,0
1579,003190.jpg,8
1580,003191.jpg,0
1581,003192.jpg,7
1582,003193.jpg,14
1583,003196.jpg,0
1584,003197.jpg,12
1585,003198.jpg,5
1586,003201.jpg,17
1587,003203.jpg,18
1588,003206.jpg,0
1589,003208.jpg,12
1590,003209.jpg,10
1591,003212.jpg,12
1592,003215.jpg,17
1593,003217.jpg,2
1594,003220.jpg,2
1595,003221.jpg,12
1596,003222.jpg,0
1597,003224.jpg,3
1598,003225.jpg,0
1599,003226.jpg,0
1600,003227.jpg,5
1601,003230.jpg,10
1602,003232.jpg,14
1603,003234.jpg,0
1604,003235.jpg,14
1605,003237.jpg,14
1606,003238.jpg,5
1607,003241.jpg,8
1608,003245.jpg,1
1609,003246.jpg,3
1610,003248.jpg,11
1611,003249.jpg,0
1612,003251.jpg,16
1613,003252.jpg,12
1614,003257.jpg,2
1615,003263.jpg,0
1616,003264.jpg,3
1617,003265.jpg,2
1618,003266.jpg,3
1619,003267.jpg,6
1620,003268.jpg,10
1621,003275.jpg,13
1622,003276.jpg,2
1623,003277.jpg,12
1624,003278.jpg,4
1625,003281.jpg,7
1626,003283.jpg,3
1627,003286.jpg,18
1628,003287.jpg,5
1629,003288.jpg,17
1630,003289.jpg,19
1631,003291.jpg,11
1632,003295.jpg,0
1633,003297.jpg,7
1634,003298.jpg,0
1635,003302.jpg,19
1636,003304.jpg,14
1637,003305.jpg,15
1638,003306.jpg,2
1639,003309.jpg,12
1640,003310.jpg,3
1641,003312.jpg,13
1642,003314.jpg,0
1643,003315.jpg,6
1644,003317.jpg,12
1645,003318.jpg,8
1646,003319.jpg,5
1647,003321.jpg,2
1648,003322.jpg,11
1649,003323.jpg,16
1650,003324.jpg,0
1651,003326.jpg,3
1652,003328.jpg,2
1653,003329.jpg,0
1654,003332.jpg,3
1655,003333.jpg,15
1656,003334.jpg,2
1657,003340.jpg,15
1658,003341.jpg,12
1659,003342.jpg,15
1660,003345.jpg,1
1661,003346.jpg,13
1662,003347.jpg,10
1663,003348.jpg,2
1664,003352.jpg,3
1665,003353.jpg,2
1666,003357.jpg,2
1667,003358.jpg,19
1668,003361.jpg,3
1669,003364.jpg,2
1670,003366.jpg,8
1671,003368.jpg,0
1672,003371.jpg,5
1673,003372.jpg,10
1674,003375.jpg,2
1675,003378.jpg,0
1676,003381.jpg,10
1677,003383.jpg,0
1678,003384.jpg,3
1679,003385.jpg,2
1680,003387.jpg,2
1681,003388.jpg,0
1682,003389.jpg,11
1683,003393.jpg,15
1684,003394.jpg,17
1685,003399.jpg,19
1686,003400.jpg,13
1687,003402.jpg,6
1688,003405.jpg,2
1689,003409.jpg,9
1690,003411.jpg,17
1691,003414.jpg,2
1692,003418.jpg,3
1693,003423.jpg,0
1694,003426.jpg,0
1695,003427.jpg,5
1696,003428.jpg,18
1697,003431.jpg,0
1698,003432.jpg,6
1699,003434.jpg,0
1700,003437.jpg,12
1701,003438.jpg,1
1702,003440.jpg,3
1703,003442.jpg,12
1704,003445.jpg,10
1705,003446.jpg,4
1706,003447.jpg,3
1707,003448.jpg,7
1708,003454.jpg,0
1709,003456.jpg,2
1710,003457.jpg,18
1711,003459.jpg,1
1712,003460.jpg,2
1713,003463.jpg,11
1714,003467.jpg,6
1715,003471.jpg,8
1716,003472.jpg,3
1717,003473.jpg,0
1718,003474.jpg,18
1719,003475.jpg,19
1720,003476.jpg,2
1721,003478.jpg,10
1722,003479.jpg,3
1723,003480.jpg,5
1724,003481.jpg,2
1725,003482.jpg,13
1726,003483.jpg,0
1727,003485.jpg,16
1728,003486.jpg,2
1729,003488.jpg,7
1730,003490.jpg,3
1731,003494.jpg,10
1732,003495.jpg,15
1733,003498.jpg,9
1734,003501.jpg,2
1735,003502.jpg,1
1736,003503.jpg,2
1737,003504.jpg,5
1738,003505.jpg,15
1739,003507.jpg,11
1740,003512.jpg,2
1741,003513.jpg,18
1742,003514.jpg,6
1743,003515.jpg,2
1744,003517.jpg,19
1745,003520.jpg,1
1746,003523.jpg,2
1747,003526.jpg,1
1748,003527.jpg,0
1749,003531.jpg,14
1750,003532.jpg,11
1751,003533.jpg,3
1752,003534.jpg,13
1753,003535.jpg,6
1754,003538.jpg,15
1755,003540.jpg,5
1756,003541.jpg,0
1757,003542.jpg,13
1758,003543.jpg,9
1759,003544.jpg,4
1760,003545.jpg,2
1761,003547.jpg,18
1762,003552.jpg,2
1763,003553.jpg,2
1764,003557.jpg,14
1765,003558.jpg,11
1766,003559.jpg,2
1767,003560.jpg,5
1768,003561.jpg,16
1769,003562.jpg,14
1770,003563.jpg,15
1771,003568.jpg,18
1772,003569.jpg,12
1773,003570.jpg,2
1774,003571.jpg,9
1775,003572.jpg,7
1776,003573.jpg,0
1777,003574.jpg,10
1778,003578.jpg,15
1779,003579.jpg,14
1780,003581.jpg,0
1781,003582.jpg,1
1782,003583.jpg,14
1783,003584.jpg,14
1784,003590.jpg,4
1785,003591.jpg,7
1786,003592.jpg,3
1787,003595.jpg,8
1788,003598.jpg,6
1789,003600.jpg,1
1790,003601.jpg,0
1791,003602.jpg,0
1792,003607.jpg,2
1793,003610.jpg,0
1794,003612.jpg,0
1795,003613.jpg,18
1796,003615.jpg,5
1797,003616.jpg,0
1798,003617.jpg,1
1799,003619.jpg,6
1800,003624.jpg,7
1801,003626.jpg,7
1802,003630.jpg,2
1803,003631.jpg,0
1804,003633.jpg,17
1805,003637.jpg,18
1806,003641.jpg,12
1807,003643.jpg,4
1808,003647.jpg,5
1809,003649.jpg,4
1810,003650.jpg,0
1811,003652.jpg,9
1812,003653.jpg,14
1813,003659.jpg,0
1814,003661.jpg,2
1815,003665.jpg,0
1816,003666.jpg,2
1817,003668.jpg,16
1818,003670.jpg,15
1819,003672.jpg,3
1820,003676.jpg,1
1821,003677.jpg,15
1822,003680.jpg,14
1823,003682.jpg,6
1824,003683.jpg,2
1825,003686.jpg,11
1826,003687.jpg,18
1827,003689.jpg,18
1828,003692.jpg,2
1829,003693.jpg,3
1830,003697.jpg,4
1831,003701.jpg,0
1832,003702.jpg,12
1833,003707.jpg,4
1834,003710.jpg,18
1835,003712.jpg,3
1836,003715.jpg,19
1837,003716.jpg,11
1838,003718.jpg,2
1839,003719.jpg,2
1840,003720.jpg,0
1841,003723.jpg,18
1842,003724.jpg,5
1843,003725.jpg,0
1844,003726.jpg,13
1845,003728.jpg,12
1846,003730.jpg,15
1847,003731.jpg,0
1848,003733.jpg,0
1849,003734.jpg,14
1850,003736.jpg,1
1851,003737.jpg,3
1852,003738.jpg,1
1853,003739.jpg,3
1854,003741.jpg,6
1855,003742.jpg,16
1856,003744.jpg,12
1857,003745.jpg,0
1858,003746.jpg,0
1859,003747.jpg,0
1860,003755.jpg,12
1861,003756.jpg,7
1862,003757.jpg,11
1863,003761.jpg,1
1864,003762.jpg,3
1865,003764.jpg,14
1866,003765.jpg,0
1867,003766.jpg,13
1868,003768.jpg,13
1869,003769.jpg,2
1870,003770.jpg,16
1871,003771.jpg,0
1872,003775.jpg,1
1873,003776.jpg,11
1874,003777.jpg,18
1875,003778.jpg,5
1876,003782.jpg,5
1877,003785.jpg,3
1878,003787.jpg,7
1879,003789.jpg,0
1880,003794.jpg,3
1881,003795.jpg,13
1882,003799.jpg,9
1883,003800.jpg,16
1884,003801.jpg,11
1885,003802.jpg,4
1886,003804.jpg,5
1887,003805.jpg,3
1888,003810.jpg,15
1889,003812.jpg,5
1890,003813.jpg,5
1891,003815.jpg,2
1892,003816.jpg,5
1893,003819.jpg,3
1894,003822.jpg,6
1895,003823.jpg,10
1896,003825.jpg,0
1897,003829.jpg,18
1898,003831.jpg,0
1899,003832.jpg,14
1900,003833.jpg,15
1901,003836.jpg,9
1902,003839.jpg,0
1903,003840.jpg,17
1904,003841.jpg,17
1905,003842.jpg,4
1906,003843.jpg,18
1907,003850.jpg,6
1908,003851.jpg,13
1909,003852.jpg,14
1910,003853.jpg,1
1911,003854.jpg,3
1912,003858.jpg,18
1913,003862.jpg,12
1914,003864.jpg,19
1915,003867.jpg,13
1916,003870.jpg,5
1917,003873.jpg,18
1918,003875.jpg,0
1919,003878.jpg,2
1920,003880.jpg,5
1921,003881.jpg,3
1922,003882.jpg,7
1923,003883.jpg,18
1924,003884.jpg,12
1925,003888.jpg,3
1926,003892.jpg,9
1927,003893.jpg,0
1928,003894.jpg,16
1929,003896.jpg,0
1930,003897.jpg,0
1931,003900.jpg,9
1932,003901.jpg,3
1933,003902.jpg,16
1934,003903.jpg,0
1935,003904.jpg,2
1936,003906.jpg,5
1937,003908.jpg,18
1938,003909.jpg,11
1939,003910.jpg,9
1940,003914.jpg,8
1941,003916.jpg,2
1942,003917.jpg,2
1943,003920.jpg,3
1944,003922.jpg,0
1945,003925.jpg,5
1946,003927.jpg,0
1947,003928.jpg,16
1948,003929.jpg,9
1949,003930.jpg,18
1950,003931.jpg,10
1951,003933.jpg,3
1952,003934.jpg,11
1953,003938.jpg,0
1954,003940.jpg,2
1955,003942.jpg,0
1956,003943.jpg,4
1957,003944.jpg,12
1958,003950.jpg,1
1959,003951.jpg,0
1960,003952.jpg,9
1961,003955.jpg,14
1962,003958.jpg,5
1963,003959.jpg,0
1964,003962.jpg,2
1965,003964.jpg,3
1966,003967.jpg,2
1967,003968.jpg,13
1968,003972.jpg,0
1969,003975.jpg,0
1970,003976.jpg,13
1971,003977.jpg,3
1972,003978.jpg,0
1973,003980.jpg,3
1974,003981.jpg,11
1975,003982.jpg,17
1976,003985.jpg,6
1977,003989.jpg,15
1978,003995.jpg,0
1979,003999.jpg,13
1980,004000.jpg,0
1981,004001.jpg,19
1982,004002.jpg,3
1983,004004.jpg,3
1984,004006.jpg,0
1985,004007.jpg,18
1986,004018.jpg,6
1987,004021.jpg,3
1988,004022.jpg,17
1989,004024.jpg,11
1990,004026.jpg,2
1991,004027.jpg,7
1992,004029.jpg,12
1993,004030.jpg,19
1994,004032.jpg,16
1995,004036.jpg,6
1996,004038.jpg,7
1997,004040.jpg,1
1998,004041.jpg,0
1999,004042.jpg,0
2000,004043.jpg,2
2001,004044.jpg,5
2002,004045.jpg,12
2003,004048.jpg,5
2004,004049.jpg,0
2005,004050.jpg,2
2006,004053.jpg,11
2007,004054.jpg,0
2008,004055.jpg,4
2009,004056.jpg,4
2010,004059.jpg,6
2011,004061.jpg,5
2012,004062.jpg,3
2013,004063.jpg,12
2014,004064.jpg,11
2015,004065.jpg,19
2016,004068.jpg,4
2017,004070.jpg,15
2018,004071.jpg,2
2019,004072.jpg,8
2020,004074.jpg,0
2021,004078.jpg,10
2022,004079.jpg,3
2023,004080.jpg,2
2024,004081.jpg,17
2025,004083.jpg,6
2026,004084.jpg,14
2027,004086.jpg,3
2028,004088.jpg,2
2029,004090.jpg,0
2030,004094.jpg,19
2031,004096.jpg,12
2032,004097.jpg,2
2033,004098.jpg,1
2034,004099.jpg,19
2035,004101.jpg,12
2036,004103.jpg,14
2037,004104.jpg,19
2038,004107.jpg,2
2039,004109.jpg,1
2040,004112.jpg,3
2041,004114.jpg,5
2042,004115.jpg,2
2043,004116.jpg,5
2044,004118.jpg,4
2045,004119.jpg,12
2046,004123.jpg,9
2047,004124.jpg,7
2048,004125.jpg,0
2049,004126.jpg,14
2050,004127.jpg,4
2051,004128.jpg,1
2052,004130.jpg,3
2053,004132.jpg,12
2054,004134.jpg,4
2055,004139.jpg,1
2056,004144.jpg,19
2057,004147.jpg,2
2058,004151.jpg,15
2059,004153.jpg,10
2060,004154.jpg,2
2061,004155.jpg,7
2062,004156.jpg,19
2063,004157.jpg,3
2064,004159.jpg,7
2065,004160.jpg,9
2066,004161.jpg,5
2067,004162.jpg,4
2068,004165.jpg,5
2069,004166.jpg,11
2070,004167.jpg,0
2071,004172.jpg,2
2072,004173.jpg,7
2073,004175.jpg,0
2074,004176.jpg,6
2075,004177.jpg,14
2076,004179.jpg,0
2077,004180.jpg,12
2078,004181.jpg,17
2079,004182.jpg,18
2080,004183.jpg,2
2081,004184.jpg,9
2082,004187.jpg,2
2083,004188.jpg,5
2084,004197.jpg,0
2085,004198.jpg,15
2086,004199.jpg,10
2087,004202.jpg,3
2088,004206.jpg,6
2089,004207.jpg,0
2090,004208.jpg,0
2091,004210.jpg,12
2092,004211.jpg,7
2093,004213.jpg,15
2094,004214.jpg,15
2095,004216.jpg,2
2096,004217.jpg,2
2097,004218.jpg,3
2098,004219.jpg,12
2099,004222.jpg,12
2100,004225.jpg,9
2101,004226.jpg,3
2102,004227.jpg,1
2103,004233.jpg,17
2104,004234.jpg,14
2105,004235.jpg,18
2106,004236.jpg,4
2107,004238.jpg,0
2108,004240.jpg,2
2109,004243.jpg,15
2110,004245.jpg,2
2111,004248.jpg,0
2112,004249.jpg,2
2113,004250.jpg,16
2114,004251.jpg,6
2115,004252.jpg,12
2116,004254.jpg,2
2117,004260.jpg,11
2118,004261.jpg,18
2119,004262.jpg,1
2120,004266.jpg,14
2121,004267.jpg,3
2122,004268.jpg,4
2123,004276.jpg,12
2124,004277.jpg,3
2125,004278.jpg,10
2126,004282.jpg,6
2127,004285.jpg,0
2128,004288.jpg,3
2129,004289.jpg,11
2130,004290.jpg,2
2131,004294.jpg,14
2132,004297.jpg,3
2133,004299.jpg,9
2134,004301.jpg,14
2135,004302.jpg,19
2136,004305.jpg,19
2137,004306.jpg,3
2138,004308.jpg,5
2139,004309.jpg,14
2140,004311.jpg,4
2141,004313.jpg,2
2142,004314.jpg,10
2143,004316.jpg,5
2144,004317.jpg,0
2145,004319.jpg,1
2146,004320.jpg,2
2147,004324.jpg,18
2148,004328.jpg,0
2149,004330.jpg,13
2150,004332.jpg,17
2151,004334.jpg,0
2152,004335.jpg,2
2153,004336.jpg,0
2154,004337.jpg,2
2155,004340.jpg,6
2156,004342.jpg,0
2157,004343.jpg,3
2158,004344.jpg,13
2159,004348.jpg,4
2160,004350.jpg,6
2161,004353.jpg,5
2162,004355.jpg,0
2163,004357.jpg,8
2164,004358.jpg,13
2165,004362.jpg,6
2166,004363.jpg,12
2167,004366.jpg,1
2168,004373.jpg,6
2169,004374.jpg,9
2170,004375.jpg,17
2171,004377.jpg,10
2172,004378.jpg,2
2173,004381.jpg,14
2174,004382.jpg,9
2175,004383.jpg,6
2176,004385.jpg,12
2177,004388.jpg,18
2178,004393.jpg,0
2179,004394.jpg,6
2180,004395.jpg,13
2181,004398.jpg,10
2182,004399.jpg,17
2183,004400.jpg,6
2184,004401.jpg,3
2185,004402.jpg,19
2186,004403.jpg,6
2187,004406.jpg,6
2188,004407.jpg,14
2189,004408.jpg,0
2190,004410.jpg,11
2191,004412.jpg,0
2192,004413.jpg,6
2193,004414.jpg,18
2194,004415.jpg,6
2195,004416.jpg,6
2196,004417.jpg,0
2197,004418.jpg,0
2198,004419.jpg,3
2199,004420.jpg,0
2200,004422.jpg,4
2201,004425.jpg,6
2202,004426.jpg,2
2203,004427.jpg,5
2204,004428.jpg,3
2205,004431.jpg,19
2206,004435.jpg,0
2207,004440.jpg,12
2208,004442.jpg,2
2209,004443.jpg,6
2210,004444.jpg,5
2211,004445.jpg,17
2212,004447.jpg,13
2213,004448.jpg,15
2214,004449.jpg,0
2215,004451.jpg,7
2216,004453.jpg,2
2217,004454.jpg,0
2218,004456.jpg,2
2219,004458.jpg,2
2220,004460.jpg,6
2221,004461.jpg,6
2222,004462.jpg,6
2223,004465.jpg,3
2224,004467.jpg,5
2225,004469.jpg,16
2226,004472.jpg,3
2227,004473.jpg,18
2228,004475.jpg,15
2229,004476.jpg,0
2230,004477.jpg,10
2231,004478.jpg,2
2232,004480.jpg,0
2233,004482.jpg,16
2234,004483.jpg,18
2235,004485.jpg,0
2236,004486.jpg,7
2237,004489.jpg,5
2238,004491.jpg,1
2239,004492.jpg,14
2240,004497.jpg,10
2241,004501.jpg,3
2242,004503.jpg,6
2243,004504.jpg,5
2244,004505.jpg,18
2245,004506.jpg,1
2246,004511.jpg,5
2247,004513.jpg,6
2248,004515.jpg,5
2249,004516.jpg,0
2250,004521.jpg,2
2251,004522.jpg,14
2252,004523.jpg,0
2253,004525.jpg,1
2254,004529.jpg,6
2255,004531.jpg,6
2256,004533.jpg,10
2257,004534.jpg,0
2258,004536.jpg,0
2259,004538.jpg,0
2260,004541.jpg,19
2261,004543.jpg,2
2262,004545.jpg,14
2263,004546.jpg,4
2264,004547.jpg,0
2265,004550.jpg,6
2266,004554.jpg,2
2267,004556.jpg,10
2268,004557.jpg,0
2269,004559.jpg,16
2270,004560.jpg,2
2271,004561.jpg,0
2272,004564.jpg,0
2273,004567.jpg,12
2274,004568.jpg,15
2275,004569.jpg,3
2276,004572.jpg,10
2277,004573.jpg,9
2278,004575.jpg,12
2279,004577.jpg,5
2280,004578.jpg,2
2281,004580.jpg,0
2282,004582.jpg,8
2283,004583.jpg,6
2284,004586.jpg,2
2285,004589.jpg,14
2286,004590.jpg,16
2287,004593.jpg,3
2288,004594.jpg,19
2289,004596.jpg,2
2290,004598.jpg,0
2291,004599.jpg,4
2292,004602.jpg,2
2293,004603.jpg,18
2294,004608.jpg,17
2295,004610.jpg,8
2296,004613.jpg,9
2297,004614.jpg,6
2298,004615.jpg,2
2299,004616.jpg,15
2300,004617.jpg,8
2301,004619.jpg,0
2302,004620.jpg,3
2303,004621.jpg,3
2304,004624.jpg,18
2305,004629.jpg,14
2306,004633.jpg,10
2307,004635.jpg,17
2308,004637.jpg,13
2309,004638.jpg,18
2310,004639.jpg,0
2311,004640.jpg,16
2312,004641.jpg,15
2313,004642.jpg,8
2314,004645.jpg,10
2315,004646.jpg,8
2316,004650.jpg,2
2317,004657.jpg,18
2318,004658.jpg,5
2319,004659.jpg,12
2320,004661.jpg,0
2321,004663.jpg,18
2322,004664.jpg,11
2323,004665.jpg,9
2324,004666.jpg,19
2325,004667.jpg,2
2326,004668.jpg,1
2327,004669.jpg,8
2328,004670.jpg,3
2329,004677.jpg,1
2330,004678.jpg,6
2331,004680.jpg,10
2332,004681.jpg,18
2333,004684.jpg,2
2334,004688.jpg,2
2335,004690.jpg,0
2336,004695.jpg,1
2337,004696.jpg,3
2338,004697.jpg,0
2339,004698.jpg,0
2340,004700.jpg,5
2341,004703.jpg,0
2342,004704.jpg,5
2343,004709.jpg,0
2344,004711.jpg,18
2345,004712.jpg,0
2346,004713.jpg,0
2347,004716.jpg,11
2348,004717.jpg,11
2349,004720.jpg,5
2350,004721.jpg,4
2351,004724.jpg,19
2352,004725.jpg,0
2353,004726.jpg,0
2354,004728.jpg,0
2355,004729.jpg,15
2356,004730.jpg,6
2357,004731.jpg,0
2358,004733.jpg,1
2359,004734.jpg,2
2360,004736.jpg,5
2361,004738.jpg,15
2362,004739.jpg,0
2363,004740.jpg,16
2364,004741.jpg,17
2365,004744.jpg,0
2366,004745.jpg,2
2367,004749.jpg,14
2368,004751.jpg,18
2369,004752.jpg,10
2370,004755.jpg,2
2371,004756.jpg,14
2372,004757.jpg,6
2373,004758.jpg,3
2374,004759.jpg,5
2375,004762.jpg,19
2376,004763.jpg,13
2377,004764.jpg,2
2378,004765.jpg,13
2379,004766.jpg,0
2380,004767.jpg,3
2381,004769.jpg,13
2382,004771.jpg,0
2383,004772.jpg,17
2384,004774.jpg,8
2385,004775.jpg,17
2386,004778.jpg,7
2387,004780.jpg,2
2388,004781.jpg,11
2389,004784.jpg,10
2390,004787.jpg,3
2391,004791.jpg,1
2392,004795.jpg,0
2393,004798.jpg,6
2394,004800.jpg,2
2395,004802.jpg,19
2396,004803.jpg,0
2397,004804.jpg,14
2398,004806.jpg,2
2399,004807.jpg,14
2400,004809.jpg,5
2401,004810.jpg,2
2402,004811.jpg,13
2403,004813.jpg,1
2404,004817.jpg,18
2405,004819.jpg,16
2406,004820.jpg,1
2407,004821.jpg,2
2408,004822.jpg,0
2409,004824.jpg,10
2410,004827.jpg,8
2411,004829.jpg,6
2412,004833.jpg,15
2413,004835.jpg,0
2414,004838.jpg,12
2415,004843.jpg,9
2416,004844.jpg,2
2417,004845.jpg,5
2418,004847.jpg,13
2419,004851.jpg,5
2420,004853.jpg,18
2421,004854.jpg,8
2422,004855.jpg,0
2423,004858.jpg,7
2424,004860.jpg,2
2425,004861.jpg,6
2426,004862.jpg,1
2427,004864.jpg,0
2428,004865.jpg,14
2429,004870.jpg,0
2430,004871.jpg,18
2431,004874.jpg,14
2432,004875.jpg,6
2433,004877.jpg,6
2434,004880.jpg,4
2435,004881.jpg,16
2436,004883.jpg,19
2437,004884.jpg,0
2438,004887.jpg,12
2439,004888.jpg,5
2440,004889.jpg,0
2441,004891.jpg,2
2442,004892.jpg,1
2443,004893.jpg,7
2444,004894.jpg,0
2445,004899.jpg,9
2446,004900.jpg,0
2447,004901.jpg,17
2448,004904.jpg,0
2449,004906.jpg,10
2450,004908.jpg,12
2451,004909.jpg,6
2452,004914.jpg,9
2453,004915.jpg,6
2454,004917.jpg,15
2455,004918.jpg,0
2456,004919.jpg,4
2457,004920.jpg,0
2458,004921.jpg,18
2459,004922.jpg,4
2460,004923.jpg,12
2461,004924.jpg,19
2462,004925.jpg,3
2463,004927.jpg,2
2464,004930.jpg,13
2465,004932.jpg,14
2466,004933.jpg,2
2467,004934.jpg,5
2468,004937.jpg,0
2469,004940.jpg,2
2470,004941.jpg,0
2471,004942.jpg,15
2472,004944.jpg,19
2473,004945.jpg,3
2474,004947.jpg,0
2475,004949.jpg,6
2476,004952.jpg,18
2477,004957.jpg,14
2478,004959.jpg,2
2479,004964.jpg,12
2480,004965.jpg,2
2481,004969.jpg,8
2482,004970.jpg,14
2483,004971.jpg,1
2484,004975.jpg,5
2485,004978.jpg,0
2486,004979.jpg,3
2487,004980.jpg,17
2488,004981.jpg,2
2489,004988.jpg,10
2490,004989.jpg,2
2491,004993.jpg,3
2492,004996.jpg,2
2493,005000.jpg,13
2494,005002.jpg,4
2495,005005.jpg,2
2496,005008.jpg,10
2497,005009.jpg,0
2498,005010.jpg,12
2499,005011.jpg,18
2500,005012.jpg,3
2501,005013.jpg,18
2502,005015.jpg,6
2503,005017.jpg,17
2504,005019.jpg,0
2505,005021.jpg,2
2506,005022.jpg,9
2507,005025.jpg,12
2508,005030.jpg,2
2509,005031.jpg,13
2510,005034.jpg,10
2511,005035.jpg,2
2512,005038.jpg,5
2513,005040.jpg,0
2514,005041.jpg,2
2515,005043.jpg,10
2516,005044.jpg,1
2517,005046.jpg,19
2518,005048.jpg,13
2519,005049.jpg,16
2520,005050.jpg,3
2521,005051.jpg,3
2522,005053.jpg,14
2523,005059.jpg,11
2524,005060.jpg,0
2525,005066.jpg,19
2526,005069.jpg,18
2527,005070.jpg,18
2528,005074.jpg,9
2529,005075.jpg,6
2530,005076.jpg,10
2531,005080.jpg,17
2532,005082.jpg,3
2533,005083.jpg,2
2534,005087.jpg,15
2535,005088.jpg,0
2536,005089.jpg,5
2537,005091.jpg,2
2538,005092.jpg,3
2539,005095.jpg,18
2540,005096.jpg,4
2541,005098.jpg,13
2542,005099.jpg,2
2543,005100.jpg,0
2544,005103.jpg,0
2545,005105.jpg,2
2546,005106.jpg,10
2547,005109.jpg,5
2548,005112.jpg,9
2549,005113.jpg,6
2550,005115.jpg,6
2551,005117.jpg,3
2552,005118.jpg,5
2553,005119.jpg,13
2554,005120.jpg,13
2555,005123.jpg,18
2556,005125.jpg,0
2557,005126.jpg,2
2558,005127.jpg,3
2559,005132.jpg,14
2560,005133.jpg,15
2561,005137.jpg,8
2562,005139.jpg,0
2563,005140.jpg,16
2564,005141.jpg,17
2565,005142.jpg,2
2566,005147.jpg,8
2567,005148.jpg,0
2568,005149.jpg,3
2569,005151.jpg,0
2570,005152.jpg,3
2571,005154.jpg,18
2572,005155.jpg,5
2573,005157.jpg,2
2574,005158.jpg,2
2575,005162.jpg,0
2576,005163.jpg,2
2577,005164.jpg,8
2578,005165.jpg,3
2579,005166.jpg,2
2580,005167.jpg,6
2581,005170.jpg,0
2582,005172.jpg,18
2583,005174.jpg,1
2584,005178.jpg,11
2585,005180.jpg,1
2586,005182.jpg,14
2587,005184.jpg,7
2588,005187.jpg,11
2589,005188.jpg,15
2590,005192.jpg,2
2591,005193.jpg,3
2592,005194.jpg,3
2593,005196.jpg,7
2594,005197.jpg,15
2595,005198.jpg,14
2596,005200.jpg,5
2597,005201.jpg,5
2598,005204.jpg,2
2599,005205.jpg,0
2600,005206.jpg,0
2601,005207.jpg,6
2602,005211.jpg,13
2603,005213.jpg,9
2604,005216.jpg,4
2605,005218.jpg,1
2606,005221.jpg,12
2607,005225.jpg,3
2608,005226.jpg,16
2609,005227.jpg,0
2610,005228.jpg,5
2611,005232.jpg,0
2612,005233.jpg,0
2613,005234.jpg,10
2614,005235.jpg,11
2615,005237.jpg,12
2616,005238.jpg,10
2617,005240.jpg,18
2618,005241.jpg,3
2619,005243.jpg,9
2620,005247.jpg,6
2621,005249.jpg,10
2622,005250.jpg,12
2623,005251.jpg,0
2624,005252.jpg,16
2625,005255.jpg,11
2626,005256.jpg,18
2627,005261.jpg,0
2628,005265.jpg,19
2629,005266.jpg,12
2630,005271.jpg,19
2631,005272.jpg,9
2632,005275.jpg,2
2633,005276.jpg,13
2634,005277.jpg,3
2635,005279.jpg,1
2636,005280.jpg,18
2637,005282.jpg,6
2638,005284.jpg,7
2639,005286.jpg,0
2640,005287.jpg,2
2641,005289.jpg,6
2642,005291.jpg,1
2643,005294.jpg,4
2644,005295.jpg,1
2645,005296.jpg,2
2646,005299.jpg,14
2647,005300.jpg,5
2648,005301.jpg,13
2649,005302.jpg,1
2650,005308.jpg,3
2651,005309.jpg,5
2652,005313.jpg,11
2653,005316.jpg,2
2654,005317.jpg,5
2655,005321.jpg,0
2656,005322.jpg,0
2657,005323.jpg,1
2658,005324.jpg,8
2659,005329.jpg,9
2660,005330.jpg,18
2661,005332.jpg,13
2662,005333.jpg,2
2663,005334.jpg,14
2664,005335.jpg,17
2665,005339.jpg,17
2666,005341.jpg,0
2667,005342.jpg,0
2668,005347.jpg,15
2669,005353.jpg,12
2670,005354.jpg,15
2671,005356.jpg,0
2672,005357.jpg,0
2673,005359.jpg,18
2674,005361.jpg,3
2675,005362.jpg,16
2676,005364.jpg,6
2677,005366.jpg,0
2678,005372.jpg,2
2679,005375.jpg,11
2680,005376.jpg,10
2681,005377.jpg,0
2682,005381.jpg,19
2683,005382.jpg,9
2684,005386.jpg,0
2685,005390.jpg,18
2686,005392.jpg,10
2687,005394.jpg,3
2688,005399.jpg,0
2689,005400.jpg,12
2690,005401.jpg,2
2691,005402.jpg,10
2692,005403.jpg,6
2693,005409.jpg,14
2694,005411.jpg,11
2695,005412.jpg,0
2696,005415.jpg,5
2697,005422.jpg,18
2698,005425.jpg,0
2699,005426.jpg,3
2700,005427.jpg,9
2701,005428.jpg,4
2702,005432.jpg,2
2703,005435.jpg,15
2704,005437.jpg,2
2705,005442.jpg,4
2706,005443.jpg,2
2707,005444.jpg,5
2708,005446.jpg,3
2709,005447.jpg,12
2710,005449.jpg,0
2711,005452.jpg,5
2712,005456.jpg,14
2713,005458.jpg,10
2714,005459.jpg,0
2715,005460.jpg,5
2716,005462.jpg,5
2717,005463.jpg,18
2718,005464.jpg,16
2719,005466.jpg,0
2720,005468.jpg,15
2721,005472.jpg,6
2722,005473.jpg,0
2723,005474.jpg,5
2724,005476.jpg,3
2725,005477.jpg,0
2726,005479.jpg,0
2727,005480.jpg,13
2728,005482.jpg,3
2729,005484.jpg,19
2730,005488.jpg,0
2731,005490.jpg,0
2732,005491.jpg,4
2733,005492.jpg,15
2734,005493.jpg,2
2735,005494.jpg,0
2736,005495.jpg,6
2737,005498.jpg,1
2738,005500.jpg,0
2739,005501.jpg,2
2740,005502.jpg,6
2741,005503.jpg,13
2742,005504.jpg,18
2743,005505.jpg,14
2744,005506.jpg,15
2745,005512.jpg,3
2746,005513.jpg,14
2747,005516.jpg,13
2748,005520.jpg,2
2749,005523.jpg,2
2750,005525.jpg,7
2751,005528.jpg,3
2752,005529.jpg,14
2753,005532.jpg,6
2754,005533.jpg,0
2755,005534.jpg,15
2756,005537.jpg,10
2757,005538.jpg,5
2758,005540.jpg,13
2759,005543.jpg,5
2760,005545.jpg,11
2761,005546.jpg,0
2762,005548.jpg,0
2763,005551.jpg,12
2764,005553.jpg,15
2765,005555.jpg,1
2766,005556.jpg,7
2767,005557.jpg,3
2768,005558.jpg,2
2769,005560.jpg,13
2770,005561.jpg,13
2771,005562.jpg,5
2772,005564.jpg,14
2773,005565.jpg,11
2774,005567.jpg,7
2775,005569.jpg,18
2776,005570.jpg,4
2777,005571.jpg,15
2778,005572.jpg,14
2779,005575.jpg,10
2780,005578.jpg,8
2781,005580.jpg,5
2782,005581.jpg,5
2783,005587.jpg,11
2784,005589.jpg,1
2785,005594.jpg,0
2786,005595.jpg,15
2787,005596.jpg,0
2788,005597.jpg,1
2789,005598.jpg,19
2790,005602.jpg,3
2791,005604.jpg,9
2792,005607.jpg,5
2793,005610.jpg,14
2794,005612.jpg,0
2795,005616.jpg,9
2796,005617.jpg,17
2797,005619.jpg,13
2798,005621.jpg,5
2799,005622.jpg,16
2800,005623.jpg,1
2801,005626.jpg,18
2802,005627.jpg,2
2803,005628.jpg,16
2804,005632.jpg,13
2805,005633.jpg,10
2806,005634.jpg,6
2807,005635.jpg,4
2808,005638.jpg,0
2809,005642.jpg,13
2810,005643.jpg,18
2811,005646.jpg,5
2812,005649.jpg,2
2813,005650.jpg,0
2814,005651.jpg,3
2815,005656.jpg,0
2816,005659.jpg,18
2817,005661.jpg,16
2818,005663.jpg,19
2819,005665.jpg,1
2820,005666.jpg,19
2821,005667.jpg,6
2822,005670.jpg,19
2823,005671.jpg,3
2824,005673.jpg,7
2825,005675.jpg,12
2826,005677.jpg,14
2827,005678.jpg,15
2828,005681.jpg,6
2829,005683.jpg,13
2830,005684.jpg,3
2831,005688.jpg,5
2832,005689.jpg,18
2833,005690.jpg,18
2834,005691.jpg,0
2835,005692.jpg,3
2836,005694.jpg,2
2837,005698.jpg,0
2838,005703.jpg,1
2839,005706.jpg,2
2840,005707.jpg,15
2841,005708.jpg,15
2842,005709.jpg,0
2843,005711.jpg,17
2844,005712.jpg,3
2845,005717.jpg,2
2846,005720.jpg,9
2847,005721.jpg,4
2848,005722.jpg,14
2849,005724.jpg,15
2850,005725.jpg,0
2851,005726.jpg,1
2852,005727.jpg,12
2853,005733.jpg,0
2854,005734.jpg,1
2855,005737.jpg,19
2856,005739.jpg,19
2857,005744.jpg,3
2858,005745.jpg,0
2859,005746.jpg,19
2860,005748.jpg,0
2861,005750.jpg,13
2862,005751.jpg,18
2863,005753.jpg,11
2864,005754.jpg,12
2865,005758.jpg,16
2866,005759.jpg,15
2867,005763.jpg,0
2868,005766.jpg,0
2869,005767.jpg,1
2870,005770.jpg,2
2871,005771.jpg,9
2872,005772.jpg,6
2873,005774.jpg,15
2874,005775.jpg,2
2875,005776.jpg,3
2876,005777.jpg,13
2877,005778.jpg,0
2878,005785.jpg,3
2879,005787.jpg,15
2880,005792.jpg,0
2881,005793.jpg,2
2882,005795.jpg,8
2883,005797.jpg,17
2884,005798.jpg,0
2885,005800.jpg,19
2886,005801.jpg,12
2887,005802.jpg,6
2888,005804.jpg,12
2889,005807.jpg,11
2890,005808.jpg,11
2891,005809.jpg,2
2892,005810.jpg,3
2893,005816.jpg,15
2894,005820.jpg,5
2895,005822.jpg,0
2896,005823.jpg,11
2897,005827.jpg,11
2898,005832.jpg,5
2899,005833.jpg,6
2900,005834.jpg,11
2901,005835.jpg,3
2902,005837.jpg,18
2903,005842.jpg,2
2904,005844.jpg,1
2905,005846.jpg,6
2906,005847.jpg,18
2907,005848.jpg,13
2908,005849.jpg,0
2909,005855.jpg,18
2910,005857.jpg,7
2911,005858.jpg,1
2912,005862.jpg,2
2913,005865.jpg,0
2914,005866.jpg,7
2915,005869.jpg,2
2916,005870.jpg,19
2917,005871.jpg,16
2918,005872.jpg,5
2919,005876.jpg,17
2920,005880.jpg,0
2921,005882.jpg,14
2922,005883.jpg,6
2923,005886.jpg,8
2924,005887.jpg,0
2925,005890.jpg,14
2926,005891.jpg,5
2927,005892.jpg,3
2928,005896.jpg,0
2929,005898.jpg,11
2930,005900.jpg,0
2931,005902.jpg,11
2932,005904.jpg,2
2933,005907.jpg,1
2934,005913.jpg,3
2935,005915.jpg,8
2936,005916.jpg,8
2937,005921.jpg,0
2938,005922.jpg,7
2939,005924.jpg,2
2940,005925.jpg,13
2941,005926.jpg,0
2942,005927.jpg,10
2943,005929.jpg,2
2944,005931.jpg,15
2945,005932.jpg,2
2946,005933.jpg,18
2947,005934.jpg,1
2948,005935.jpg,12
2949,005936.jpg,5
2950,005937.jpg,3
2951,005939.jpg,5
2952,005941.jpg,7
2953,005942.jpg,0
2954,005943.jpg,12
2955,005944.jpg,14
2956,005945.jpg,0
2957,005946.jpg,11
2958,005949.jpg,5
2959,005950.jpg,9
2960,005953.jpg,0
2961,005955.jpg,3
2962,005957.jpg,5
2963,005958.jpg,0
2964,005959.jpg,2
2965,005962.jpg,5
2966,005965.jpg,10
2967,005966.jpg,0
2968,005967.jpg,14
2969,005969.jpg,0
2970,005972.jpg,0
2971,005973.jpg,14
2972,005974.jpg,2
2973,005976.jpg,1
2974,005977.jpg,5
2975,005978.jpg,19
2976,005982.jpg,0
2977,005986.jpg,18
2978,005987.jpg,2
2979,005993.jpg,0
2980,005994.jpg,1
2981,005997.jpg,11
2982,005999.jpg,18
2983,006002.jpg,14
2984,006003.jpg,4
2985,006006.jpg,2
2986,006007.jpg,3
2987,006008.jpg,15
2988,006010.jpg,1
2989,006013.jpg,18
2990,006014.jpg,9
2991,006015.jpg,13
2992,006016.jpg,2
2993,006017.jpg,2
2994,006019.jpg,2
2995,006021.jpg,17
2996,006022.jpg,7
2997,006024.jpg,10
2998,006031.jpg,12
2999,006032.jpg,13
3000,006034.jpg,2
3001,006036.jpg,0
3002,006037.jpg,3
3003,006039.jpg,3
3004,006040.jpg,0
3005,006044.jpg,3
3006,006047.jpg,2
3007,006048.jpg,9
3008,006049.jpg,7
3009,006050.jpg,1
3010,006051.jpg,10
3011,006052.jpg,5
3012,006053.jpg,6
3013,006054.jpg,6
3014,006056.jpg,16
3015,006057.jpg,1
3016,006059.jpg,15
3017,006060.jpg,0
3018,006063.jpg,5
3019,006064.jpg,5
3020,006068.jpg,11
3021,006072.jpg,4
3022,006075.jpg,11
3023,006076.jpg,6
3024,006077.jpg,18
3025,006080.jpg,5
3026,006081.jpg,16
3027,006082.jpg,2
3028,006083.jpg,15
3029,006085.jpg,17
3030,006086.jpg,4
3031,006087.jpg,0
3032,006090.jpg,5
3033,006092.jpg,0
3034,006093.jpg,0
3035,006094.jpg,0
3036,006099.jpg,3
3037,006101.jpg,0
3038,006102.jpg,6
3039,006106.jpg,14
3040,006109.jpg,2
3041,006110.jpg,9
3042,006112.jpg,3
3043,006113.jpg,19
3044,006114.jpg,5
3045,006115.jpg,12
3046,006116.jpg,11
3047,006118.jpg,13
3048,006119.jpg,15
3049,006121.jpg,2
3050,006122.jpg,14
3051,006126.jpg,12
3052,006127.jpg,18
3053,006132.jpg,6
3054,006137.jpg,0
3055,006138.jpg,18
3056,006142.jpg,16
3057,006143.jpg,14
3058,006144.jpg,5
3059,006145.jpg,0
3060,006147.jpg,0
3061,006149.jpg,3
3062,006152.jpg,0
3063,006154.jpg,18
3064,006155.jpg,2
3065,006157.jpg,6
3066,006160.jpg,9
3067,006164.jpg,9
3068,006165.jpg,13
3069,006167.jpg,3
3070,006168.jpg,0
3071,006169.jpg,12
3072,006173.jpg,17
3073,006178.jpg,0
3074,006182.jpg,3
3075,006186.jpg,0
3076,006191.jpg,18
3077,006192.jpg,13
3078,006193.jpg,15
3079,006194.jpg,3
3080,006195.jpg,0
3081,006197.jpg,19
3082,006199.jpg,13
3083,006200.jpg,0
3084,006204.jpg,18
3085,006205.jpg,9
3086,006207.jpg,14
3087,006211.jpg,5
3088,006213.jpg,2
3089,006217.jpg,8
3090,006226.jpg,16
3091,006227.jpg,3
3092,006228.jpg,2
3093,006231.jpg,7
3094,006232.jpg,10
3095,006237.jpg,14
3096,006239.jpg,0
3097,006242.jpg,2
3098,006244.jpg,6
3099,006245.jpg,3
3100,006246.jpg,2
3101,006248.jpg,0
3102,006253.jpg,3
3103,006255.jpg,0
3104,006256.jpg,2
3105,006257.jpg,12
3106,006263.jpg,10
3107,006265.jpg,5
3108,006266.jpg,0
3109,006268.jpg,6
3110,006271.jpg,1
3111,006273.jpg,0
3112,006274.jpg,0
3113,006278.jpg,18
3114,006280.jpg,5
3115,006283.jpg,2
3116,006287.jpg,1
3117,006288.jpg,12
3118,006292.jpg,13
3119,006293.jpg,11
3120,006294.jpg,10
3121,006297.jpg,12
3122,006298.jpg,19
3123,006302.jpg,9
3124,006303.jpg,5
3125,006307.jpg,11
3126,006308.jpg,5
3127,006310.jpg,0
3128,006311.jpg,7
3129,006312.jpg,0
3130,006313.jpg,12
3131,006315.jpg,3
3132,006316.jpg,17
3133,006317.jpg,19
3134,006322.jpg,0
3135,006324.jpg,2
3136,006326.jpg,2
3137,006327.jpg,19
3138,006328.jpg,3
3139,006331.jpg,2
3140,006332.jpg,9
3141,006333.jpg,2
3142,006334.jpg,19
3143,006336.jpg,5
3144,006340.jpg,2
3145,006342.jpg,6
3146,006343.jpg,12
3147,006345.jpg,11
3148,006347.jpg,10
3149,006354.jpg,3
3150,006356.jpg,18
3151,006358.jpg,2
3152,006359.jpg,4
3153,006360.jpg,0
3154,006361.jpg,14
3155,006364.jpg,14
3156,006365.jpg,14
3157,006368.jpg,14
3158,006370.jpg,0
3159,006372.jpg,18
3160,006373.jpg,12
3161,006376.jpg,2
3162,006378.jpg,17
3163,006379.jpg,6
3164,006380.jpg,16
3165,006383.jpg,2
3166,006384.jpg,11
3167,006386.jpg,2
3168,006388.jpg,19
3169,006389.jpg,11
3170,006390.jpg,4
3171,006393.jpg,1
3172,006394.jpg,5
3173,006397.jpg,2
3174,006399.jpg,3
3175,006401.jpg,14
3176,006402.jpg,4
3177,006403.jpg,0
3178,006405.jpg,2
3179,006406.jpg,10
3180,006407.jpg,19
3181,006408.jpg,9
3182,006410.jpg,18
3183,006412.jpg,13
3184,006413.jpg,13
3185,006414.jpg,17
3186,006415.jpg,2
3187,006416.jpg,0
3188,006420.jpg,2
3189,006422.jpg,1
3190,006423.jpg,2
3191,006426.jpg,0
3192,006431.jpg,15
3193,006432.jpg,4
3194,006435.jpg,2
3195,006439.jpg,5
3196,006441.jpg,2
3197,006446.jpg,0
3198,006451.jpg,5
3199,006452.jpg,11
3200,006453.jpg,0
3201,006454.jpg,2
3202,006457.jpg,3
3203,006460.jpg,0
3204,006461.jpg,1
3205,006464.jpg,0
3206,006467.jpg,13
3207,006469.jpg,15
3208,006471.jpg,0
3209,006477.jpg,1
3210,006478.jpg,14
3211,006479.jpg,3
3212,006481.jpg,2
3213,006485.jpg,18
3214,006487.jpg,0
3215,006489.jpg,0
3216,006490.jpg,6
3217,006491.jpg,8
3218,006493.jpg,2
3219,006494.jpg,5
3220,006496.jpg,7
3221,006498.jpg,5
3222,006500.jpg,4
3223,006502.jpg,2
3224,006504.jpg,12
3225,006505.jpg,12
3226,006508.jpg,6
3227,006510.jpg,2
3228,006511.jpg,14
3229,006513.jpg,18
3230,006514.jpg,0
3231,006516.jpg,12
3232,006517.jpg,0
3233,006518.jpg,13
3234,006521.jpg,0
3235,006522.jpg,14
3236,006525.jpg,2
3237,006526.jpg,0
3238,006527.jpg,2
3239,006528.jpg,9
3240,006531.jpg,15
3241,006533.jpg,10
3242,006535.jpg,6
3243,006537.jpg,3
3244,006539.jpg,0
3245,006540.jpg,0
3246,006541.jpg,1
3247,006544.jpg,13
3248,006545.jpg,5
3249,006546.jpg,16
3250,006552.jpg,0
3251,006554.jpg,18
3252,006555.jpg,14
3253,006557.jpg,8
3254,006558.jpg,5
3255,006559.jpg,0
3256,006561.jpg,15
3257,006563.jpg,12
3258,006566.jpg,0
3259,006567.jpg,15
3260,006568.jpg,3
3261,006571.jpg,5
3262,006573.jpg,17
3263,006574.jpg,0
3264,006577.jpg,10
3265,006579.jpg,17
3266,006580.jpg,3
3267,006581.jpg,13
3268,006582.jpg,6
3269,006586.jpg,0
3270,006589.jpg,17
3271,006590.jpg,2
3272,006591.jpg,17
3273,006592.jpg,10
3274,006594.jpg,13
3275,006596.jpg,5
3276,006598.jpg,3
3277,006600.jpg,18
3278,006601.jpg,19
3279,006604.jpg,9
3280,006607.jpg,3
3281,006608.jpg,13
3282,006613.jpg,15
3283,006614.jpg,0
3284,006615.jpg,0
3285,006616.jpg,0
3286,006620.jpg,13
3287,006623.jpg,14
3288,006624.jpg,16
3289,006629.jpg,18
3290,006630.jpg,11
3291,006633.jpg,0
3292,006634.jpg,2
3293,006639.jpg,6
3294,006640.jpg,6
3295,006641.jpg,5
3296,006642.jpg,6
3297,006644.jpg,0
3298,006646.jpg,11
3299,006649.jpg,14
3300,006650.jpg,6
3301,006651.jpg,10
3302,006653.jpg,2
3303,006655.jpg,3
3304,006656.jpg,0
3305,006659.jpg,9
3306,006662.jpg,16
3307,006663.jpg,0
3308,006665.jpg,18
3309,006669.jpg,18
3310,006672.jpg,0
3311,006675.jpg,5
3312,006676.jpg,12
3313,006680.jpg,18
3314,006683.jpg,6
3315,006685.jpg,2
3316,006686.jpg,0
3317,006688.jpg,5
3318,006691.jpg,7
3319,006692.jpg,0
3320,006693.jpg,2
3321,006700.jpg,7
3322,006701.jpg,13
3323,006705.jpg,12
3324,006710.jpg,0
3325,006711.jpg,17
3326,006712.jpg,7
3327,006713.jpg,10
3328,006715.jpg,18
3329,006716.jpg,6
3330,006717.jpg,2
3331,006720.jpg,13
3332,006721.jpg,1
3333,006723.jpg,19
3334,006724.jpg,2
3335,006728.jpg,14
3336,006729.jpg,0
3337,006732.jpg,4
3338,006733.jpg,2
3339,006737.jpg,0
3340,006741.jpg,2
3341,006742.jpg,0
3342,006743.jpg,11
3343,006744.jpg,0
3344,006745.jpg,11
3345,006746.jpg,0
3346,006749.jpg,2
3347,006750.jpg,7
3348,006752.jpg,10
3349,006754.jpg,2
3350,006756.jpg,14
3351,006757.jpg,2
3352,006758.jpg,10
3353,006763.jpg,18
3354,006764.jpg,12
3355,006767.jpg,3
3356,006770.jpg,17
3357,006771.jpg,0
3358,006774.jpg,5
3359,006775.jpg,13
3360,006776.jpg,7
3361,006778.jpg,6
3362,006779.jpg,14
3363,006780.jpg,1
3364,006785.jpg,2
3365,006787.jpg,0
3366,006788.jpg,0
3367,006790.jpg,2
3368,006791.jpg,3
3369,006792.jpg,0
3370,006793.jpg,14
3371,006795.jpg,1
3372,006796.jpg,15
3373,006798.jpg,11
3374,006801.jpg,5
3375,006804.jpg,0
3376,006807.jpg,7
3377,006809.jpg,0
3378,006811.jpg,14
3379,006812.jpg,6
3380,006815.jpg,3
3381,006816.jpg,12
3382,006817.jpg,11
3383,006818.jpg,5
3384,006820.jpg,5
3385,006823.jpg,15
3386,006826.jpg,1
3387,006830.jpg,16
3388,006831.jpg,13
3389,006832.jpg,8
3390,006834.jpg,6
3391,006837.jpg,8
3392,006843.jpg,7
3393,006846.jpg,3
3394,006851.jpg,6
3395,006853.jpg,2
3396,006854.jpg,2
3397,006856.jpg,0
3398,006857.jpg,0
3399,006861.jpg,13
3400,006863.jpg,14
3401,006870.jpg,3
3402,006871.jpg,5
3403,006872.jpg,0
3404,006873.jpg,14
3405,006875.jpg,14
3406,006877.jpg,3
3407,006879.jpg,0
3408,006881.jpg,17
3409,006882.jpg,2
3410,006885.jpg,13
3411,006888.jpg,10
3412,006889.jpg,9
3413,006890.jpg,2
3414,006891.jpg,0
3415,006894.jpg,5
3416,006895.jpg,1
3417,006897.jpg,14
3418,006898.jpg,0
3419,006901.jpg,0
3420,006902.jpg,3
3421,006904.jpg,0
3422,006905.jpg,0
3423,006906.jpg,0
3424,006907.jpg,2
3425,006913.jpg,19
3426,006915.jpg,3
3427,006920.jpg,15
3428,006921.jpg,15
3429,006923.jpg,1
3430,006925.jpg,2
3431,006926.jpg,0
3432,006927.jpg,6
3433,006928.jpg,3
3434,006929.jpg,6
3435,006936.jpg,14
3436,006937.jpg,12
3437,006938.jpg,0
3438,006941.jpg,16
3439,006942.jpg,13
3440,006946.jpg,10
3441,006951.jpg,15
3442,006954.jpg,0
3443,006955.jpg,2
3444,006957.jpg,0
3445,006960.jpg,5
3446,006961.jpg,3
3447,006964.jpg,0
3448,006967.jpg,6
3449,006969.jpg,3
3450,006970.jpg,2
3451,006973.jpg,17
3452,006974.jpg,2
3453,006975.jpg,13
3454,006977.jpg,9
3455,006978.jpg,18
3456,006979.jpg,5
3457,006980.jpg,16
3458,006982.jpg,14
3459,006984.jpg,11
3460,006985.jpg,5
3461,006986.jpg,19
3462,006991.jpg,3
3463,006992.jpg,19
3464,006993.jpg,13
3465,006996.jpg,2
3466,006997.jpg,9
3467,006998.jpg,3
3468,006999.jpg,5
3469,007000.jpg,6
3470,007001.jpg,2
3471,007005.jpg,13
3472,007010.jpg,13
3473,007012.jpg,7
3474,007013.jpg,13
3475,007014.jpg,2
3476,007015.jpg,2
3477,007017.jpg,0
3478,007019.jpg,12
3479,007024.jpg,3
3480,007026.jpg,10
3481,007027.jpg,5
3482,007028.jpg,8
3483,007030.jpg,13
3484,007032.jpg,12
3485,007034.jpg,0
3486,007037.jpg,18
3487,007041.jpg,5
3488,007043.jpg,0
3489,007044.jpg,17
3490,007047.jpg,6
3491,007051.jpg,0
3492,007053.jpg,12
3493,007055.jpg,14
3494,007057.jpg,12
3495,007060.jpg,0
3496,007061.jpg,2
3497,007063.jpg,5
3498,007066.jpg,9
3499,007067.jpg,12
3500,007069.jpg,17
3501,007076.jpg,8
3502,007081.jpg,3
3503,007082.jpg,2
3504,007083.jpg,0
3505,007085.jpg,18
3506,007087.jpg,6
3507,007091.jpg,9
3508,007094.jpg,12
3509,007096.jpg,10
3510,007098.jpg,5
3511,007099.jpg,3
3512,007102.jpg,6
3513,007103.jpg,0
3514,007106.jpg,7
3515,007107.jpg,18
3516,007110.jpg,11
3517,007111.jpg,19
3518,007112.jpg,2
3519,007115.jpg,13
3520,007116.jpg,12
3521,007118.jpg,17
3522,007119.jpg,0
3523,007120.jpg,0
3524,007124.jpg,0
3525,007126.jpg,0
3526,007127.jpg,18
3527,007131.jpg,13
3528,007134.jpg,0
3529,007135.jpg,10
3530,007136.jpg,0
3531,007137.jpg,0
3532,007142.jpg,18
3533,007143.jpg,2
3534,007145.jpg,5
3535,007151.jpg,0
3536,007155.jpg,10
3537,007156.jpg,19
3538,007157.jpg,10
3539,007158.jpg,17
3540,007160.jpg,13
3541,007161.jpg,0
3542,007164.jpg,10
3543,007169.jpg,10
3544,007170.jpg,12
3545,007171.jpg,13
3546,007173.jpg,9
3547,007175.jpg,0
3548,007176.jpg,2
3549,007178.jpg,11
3550,007179.jpg,2
3551,007181.jpg,3
3552,007183.jpg,3
3553,007186.jpg,0
3554,007188.jpg,6
3555,007190.jpg,3
3556,007192.jpg,12
3557,007195.jpg,0
3558,007196.jpg,11
3559,007198.jpg,6
3560,007199.jpg,5
3561,007201.jpg,6
3562,007202.jpg,1
3563,007203.jpg,11
3564,007206.jpg,18
3565,007207.jpg,1
3566,007209.jpg,3
3567,007218.jpg,12
3568,007220.jpg,0
3569,007221.jpg,5
3570,007225.jpg,4
3571,007226.jpg,18
3572,007228.jpg,0
3573,007229.jpg,14
3574,007231.jpg,3
3575,007232.jpg,0
3576,007233.jpg,9
3577,007235.jpg,13
3578,007237.jpg,4
3579,007238.jpg,5
3580,007239.jpg,6
3581,007240.jpg,1
3582,007242.jpg,2
3583,007246.jpg,2
3584,007248.jpg,7
3585,007251.jpg,0
3586,007252.jpg,0
3587,007253.jpg,14
3588,007254.jpg,3
3589,007255.jpg,1
3590,007257.jpg,10
3591,007262.jpg,10
3592,007264.jpg,12
3593,007265.jpg,14
3594,007267.jpg,0
3595,007268.jpg,0
3596,007269.jpg,6
3597,007272.jpg,7
3598,007273.jpg,2
3599,007277.jpg,0
3600,007278.jpg,2
3601,007281.jpg,2
3602,007282.jpg,2
3603,007286.jpg,10
3604,007287.jpg,12
3605,007288.jpg,2
3606,007290.jpg,10
3607,007291.jpg,5
3608,007293.jpg,14
3609,007301.jpg,0
3610,007303.jpg,0
3611,007304.jpg,2
3612,007306.jpg,0
3613,007307.jpg,15
3614,007309.jpg,13
3615,007310.jpg,14
3616,007312.jpg,3
3617,007313.jpg,0
3618,007315.jpg,1
3619,007316.jpg,0
3620,007317.jpg,6
3621,007319.jpg,0
3622,007320.jpg,0
3623,007321.jpg,5
3624,007324.jpg,13
3625,007326.jpg,6
3626,007328.jpg,0
3627,007331.jpg,5
3628,007332.jpg,11
3629,007333.jpg,11
3630,007335.jpg,1
3631,007337.jpg,2
3632,007338.jpg,15
3633,007339.jpg,2
3634,007340.jpg,6
3635,007341.jpg,0
3636,007342.jpg,13
3637,007345.jpg,0
3638,007347.jpg,2
3639,007348.jpg,1
3640,007349.jpg,0
3641,007352.jpg,10
3642,007353.jpg,12
3643,007354.jpg,0
3644,007355.jpg,15
3645,007357.jpg,9
3646,007358.jpg,2
3647,007360.jpg,5
3648,007362.jpg,2
3649,007364.jpg,12
3650,007366.jpg,1
3651,007367.jpg,19
3652,007368.jpg,2
3653,007371.jpg,13
3654,007377.jpg,9
3655,007378.jpg,0
3656,007379.jpg,0
3657,007380.jpg,17
3658,007382.jpg,18
3659,007384.jpg,1
3660,007386.jpg,2
3661,007387.jpg,18
3662,007391.jpg,16
3663,007392.jpg,0
3664,007393.jpg,16
3665,007395.jpg,0
3666,007397.jpg,6
3667,007399.jpg,2
3668,007400.jpg,9
3669,007401.jpg,12
3670,007402.jpg,8
3671,007403.jpg,10
3672,007404.jpg,0
3673,007405.jpg,2
3674,007406.jpg,1
3675,007407.jpg,6
3676,007409.jpg,5
3677,007412.jpg,14
3678,007415.jpg,0
3679,007418.jpg,3
3680,007420.jpg,0
3681,007423.jpg,2
3682,007426.jpg,6
3683,007428.jpg,9
3684,007429.jpg,2
3685,007430.jpg,18
3686,007434.jpg,3
3687,007440.jpg,8
3688,007441.jpg,5
3689,007442.jpg,16
3690,007444.jpg,8
3691,007447.jpg,0
3692,007450.jpg,18
3693,007452.jpg,2
3694,007453.jpg,5
3695,007455.jpg,9
3696,007456.jpg,4
3697,007459.jpg,2
3698,007462.jpg,8
3699,007463.jpg,5
3700,007464.jpg,9
3701,007469.jpg,0
3702,007471.jpg,0
3703,007472.jpg,1
3704,007473.jpg,7
3705,007476.jpg,6
3706,007478.jpg,2
3707,007485.jpg,3
3708,007487.jpg,5
3709,007488.jpg,18
3710,007492.jpg,12
3711,007494.jpg,4
3712,007495.jpg,19
3713,007496.jpg,0
3714,007499.jpg,7
3715,007500.jpg,4
3716,007501.jpg,2
3717,007502.jpg,10
3718,007504.jpg,4
3719,007505.jpg,6
3720,007507.jpg,2
3721,007508.jpg,0
3722,007509.jpg,0
3723,007510.jpg,19
3724,007512.jpg,6
3725,007514.jpg,0
3726,007515.jpg,3
3727,007516.jpg,17
3728,007518.jpg,2
3729,007520.jpg,18
3730,007522.jpg,0
3731,007529.jpg,13
3732,007531.jpg,0
3733,007532.jpg,0
3734,007534.jpg,8
3735,007539.jpg,6
3736,007541.jpg,13
3737,007542.jpg,5
3738,007545.jpg,6
3739,007548.jpg,10
3740,007549.jpg,7
3741,007550.jpg,15
3742,007552.jpg,3
3743,007553.jpg,15
3744,007554.jpg,17
3745,007556.jpg,2
3746,007557.jpg,6
3747,007560.jpg,3
3748,007561.jpg,12
3749,007562.jpg,2
3750,007564.jpg,11
3751,007567.jpg,0
3752,007569.jpg,4
3753,007573.jpg,19
3754,007574.jpg,5
3755,007577.jpg,0
3756,007580.jpg,2
3757,007581.jpg,18
3758,007582.jpg,0
3759,007583.jpg,11
3760,007584.jpg,0
3761,007587.jpg,14
3762,007588.jpg,3
3763,007589.jpg,0
3764,007591.jpg,19
3765,007593.jpg,15
3766,007595.jpg,0
3767,007596.jpg,8
3768,007597.jpg,1
3769,007598.jpg,4
3770,007599.jpg,17
3771,007602.jpg,17
3772,007604.jpg,6
3773,007607.jpg,13
3774,007608.jpg,6
3775,007609.jpg,14
3776,007610.jpg,0
3777,007613.jpg,2
3778,007616.jpg,14
3779,007617.jpg,2
3780,007620.jpg,14
3781,007623.jpg,14
3782,007625.jpg,3
3783,007627.jpg,13
3784,007628.jpg,1
3785,007630.jpg,6
3786,007632.jpg,10
3787,007634.jpg,0
3788,007635.jpg,9
3789,007636.jpg,14
3790,007638.jpg,5
3791,007641.jpg,6
3792,007643.jpg,7
3793,007644.jpg,16
3794,007645.jpg,15
3795,007646.jpg,13
3796,007648.jpg,0
3797,007651.jpg,0
3798,007652.jpg,4
3799,007658.jpg,13
3800,007659.jpg,3
3801,007660.jpg,9
3802,007661.jpg,5
3803,007665.jpg,2
3804,007669.jpg,0
3805,007674.jpg,19
3806,007676.jpg,10
3807,007681.jpg,6
3808,007684.jpg,1
3809,007686.jpg,18
3810,007689.jpg,3
3811,007690.jpg,19
3812,007693.jpg,2
3813,007695.jpg,3
3814,007698.jpg,10
3815,007700.jpg,4
3816,007701.jpg,2
3817,007703.jpg,3
3818,007706.jpg,0
3819,007707.jpg,6
3820,007708.jpg,1
3821,007710.jpg,13
3822,007711.jpg,10
3823,007714.jpg,2
3824,007716.jpg,3
3825,007717.jpg,4
3826,007719.jpg,0
3827,007722.jpg,1
3828,007725.jpg,13
3829,007726.jpg,18
3830,007728.jpg,0
3831,007730.jpg,6
3832,007733.jpg,5
3833,007734.jpg,2
3834,007737.jpg,18
3835,007738.jpg,1
3836,007739.jpg,4
3837,007741.jpg,6
3838,007744.jpg,4
3839,007747.jpg,11
3840,007750.jpg,14
3841,007752.jpg,1
3842,007755.jpg,0
3843,007756.jpg,1
3844,007757.jpg,2
3845,007759.jpg,0
3846,007761.jpg,2
3847,007764.jpg,18
3848,007766.jpg,0
3849,007769.jpg,0
3850,007770.jpg,3
3851,007771.jpg,18
3852,007774.jpg,14
3853,007778.jpg,4
3854,007780.jpg,12
3855,007782.jpg,0
3856,007783.jpg,15
3857,007784.jpg,18
3858,007785.jpg,12
3859,007787.jpg,3
3860,007788.jpg,9
3861,007789.jpg,0
3862,007792.jpg,15
3863,007794.jpg,3
3864,007796.jpg,18
3865,007797.jpg,2
3866,007800.jpg,2
3867,007801.jpg,16
3868,007802.jpg,3
3869,007804.jpg,18
3870,007805.jpg,14
3871,007806.jpg,10
3872,007807.jpg,2
3873,007808.jpg,12
3874,007811.jpg,12
3875,007816.jpg,11
3876,007817.jpg,0
3877,007818.jpg,19
3878,007822.jpg,0
3879,007823.jpg,5
3880,007825.jpg,10
3881,007827.jpg,3
3882,007828.jpg,1
3883,007829.jpg,5
3884,007830.jpg,0
3885,007832.jpg,1
3886,007835.jpg,11
3887,007837.jpg,10
3888,007839.jpg,2
3889,007842.jpg,11
3890,007844.jpg,2
3891,007846.jpg,0
3892,007848.jpg,15
3893,007849.jpg,11
3894,007850.jpg,9
3895,007851.jpg,17
3896,007852.jpg,18
3897,007858.jpg,19
3898,007860.jpg,0
3899,007861.jpg,2
3900,007862.jpg,12
3901,007866.jpg,2
3902,007867.jpg,5
3903,007870.jpg,10
3904,007871.jpg,0
3905,007874.jpg,0
3906,007875.jpg,3
3907,007879.jpg,3
3908,007880.jpg,5
3909,007881.jpg,18
3910,007882.jpg,2
3911,007887.jpg,0
3912,007888.jpg,0
3913,007891.jpg,0
3914,007892.jpg,0
3915,007893.jpg,6
3916,007894.jpg,8
3917,007895.jpg,0
3918,007896.jpg,1
3919,007903.jpg,12
3920,007904.jpg,0
3921,007906.jpg,2
3922,007907.jpg,3
3923,007912.jpg,19
3924,007913.jpg,7
3925,007917.jpg,0
3926,007918.jpg,13
3927,007922.jpg,6
3928,007927.jpg,2
3929,007929.jpg,0
3930,007930.jpg,3
3931,007934.jpg,6
3932,007936.jpg,6
3933,007937.jpg,12
3934,007938.jpg,5
3935,007941.jpg,0
3936,007942.jpg,14
3937,007944.jpg,19
3938,007945.jpg,18
3939,007948.jpg,2
3940,007949.jpg,19
3941,007951.jpg,19
3942,007952.jpg,9
3943,007955.jpg,0
3944,007957.jpg,0
3945,007960.jpg,2
3946,007961.jpg,2
3947,007962.jpg,3
3948,007965.jpg,0
3949,007966.jpg,0
3950,007967.jpg,2
3951,007969.jpg,3
3952,007972.jpg,0
3953,007973.jpg,10
3954,007975.jpg,14
3955,007977.jpg,0
3956,007978.jpg,15
3957,007981.jpg,0
3958,007982.jpg,11
3959,007983.jpg,15
3960,007985.jpg,10
3961,007986.jpg,0
3962,007988.jpg,0
3963,007989.jpg,16
3964,007990.jpg,9
3965,007992.jpg,2
3966,007993.jpg,10
3967,007994.jpg,0
3968,007995.jpg,10
3969,008000.jpg,17
3970,008003.jpg,15
3971,008006.jpg,2
3972,008007.jpg,13
3973,008010.jpg,14
3974,008011.jpg,5
3975,008013.jpg,0
3976,008014.jpg,0
3977,008015.jpg,6
3978,008016.jpg,10
3979,008018.jpg,12
3980,008020.jpg,2
3981,008021.jpg,15
3982,008022.jpg,0
3983,008025.jpg,3
3984,008027.jpg,0
3985,008028.jpg,6
3986,008030.jpg,2
3987,008034.jpg,15
3988,008035.jpg,2
3989,008038.jpg,0
3990,008039.jpg,1
3991,008041.jpg,0
3992,008045.jpg,16
3993,008046.jpg,0
3994,008047.jpg,11
3995,008050.jpg,11
3996,008052.jpg,2
3997,008054.jpg,3
3998,008055.jpg,10
3999,008056.jpg,1
4000,008058.jpg,0
4001,008059.jpg,0
4002,008065.jpg,18
4003,008066.jpg,6
4004,008070.jpg,0
4005,008071.jpg,3
4006,008073.jpg,16
4007,008074.jpg,13
4008,008077.jpg,0
4009,008078.jpg,17
4010,008080.jpg,3
4011,008081.jpg,17
4012,008088.jpg,19
4013,008089.jpg,5
4014,008090.jpg,17
4015,008092.jpg,18
4016,008094.jpg,4
4017,008097.jpg,6
4018,008099.jpg,9
4019,008102.jpg,3
4020,008104.jpg,10
4021,008109.jpg,14
4022,008110.jpg,5
4023,008111.jpg,17
4024,008113.jpg,1
4025,008114.jpg,12
4026,008118.jpg,6
4027,008119.jpg,12
4028,008120.jpg,0
4029,008123.jpg,6
4030,008124.jpg,0
4031,008126.jpg,2
4032,008128.jpg,13
4033,008129.jpg,2
4034,008131.jpg,0
4035,008133.jpg,2
4036,008134.jpg,4
4037,008135.jpg,2
4038,008136.jpg,2
4039,008143.jpg,2
4040,008145.jpg,9
4041,008146.jpg,0
4042,008147.jpg,0
4043,008148.jpg,6
4044,008149.jpg,3
4045,008152.jpg,0
4046,008153.jpg,16
4047,008154.jpg,18
4048,008155.jpg,12
4049,008156.jpg,1
4050,008157.jpg,0
4051,008158.jpg,19
4052,008161.jpg,2
4053,008162.jpg,12
4054,008165.jpg,18
4055,008167.jpg,3
4056,008170.jpg,0
4057,008172.jpg,3
4058,008176.jpg,3
4059,008178.jpg,3
4060,008179.jpg,11
4061,008181.jpg,3
4062,008182.jpg,5
4063,008183.jpg,14
4064,008184.jpg,1
4065,008185.jpg,7
4066,008187.jpg,8
4067,008192.jpg,8
4068,008193.jpg,6
4069,008194.jpg,18
4070,008195.jpg,15
4071,008196.jpg,1
4072,008198.jpg,16
4073,008201.jpg,3
4074,008205.jpg,14
4075,008206.jpg,7
4076,008207.jpg,0
4077,008210.jpg,1
4078,008212.jpg,19
4079,008214.jpg,6
4080,008215.jpg,0
4081,008217.jpg,9
4082,008219.jpg,0
4083,008221.jpg,13
4084,008227.jpg,15
4085,008228.jpg,14
4086,008230.jpg,15
4087,008231.jpg,2
4088,008233.jpg,0
4089,008234.jpg,18
4090,008237.jpg,18
4091,008238.jpg,3
4092,008239.jpg,7
4093,008240.jpg,5
4094,008242.jpg,15
4095,008243.jpg,6
4096,008245.jpg,16
4097,008246.jpg,19
4098,008247.jpg,18
4099,008249.jpg,9
4100,008255.jpg,13
4101,008256.jpg,0
4102,008257.jpg,16
4103,008259.jpg,2
4104,008264.jpg,19
4105,008265.jpg,0
4106,008266.jpg,18
4107,008267.jpg,5
4108,008270.jpg,2
4109,008271.jpg,0
4110,008273.jpg,15
4111,008274.jpg,11
4112,008276.jpg,0
4113,008277.jpg,0
4114,008278.jpg,9
4115,008283.jpg,2
4116,008286.jpg,12
4117,008287.jpg,0
4118,008288.jpg,0
4119,008289.jpg,2
4120,008290.jpg,2
4121,008291.jpg,11
4122,008298.jpg,14
4123,008303.jpg,14
4124,008304.jpg,17
4125,008305.jpg,6
4126,008308.jpg,18
4127,008309.jpg,12
4128,008314.jpg,0
4129,008321.jpg,0
4130,008324.jpg,15
4131,008325.jpg,12
4132,008328.jpg,3
4133,008330.jpg,4
4134,008331.jpg,18
4135,008333.jpg,8
4136,008334.jpg,8
4137,008337.jpg,19
4138,008339.jpg,18
4139,008340.jpg,3
4140,008343.jpg,8
4141,008344.jpg,8
4142,008347.jpg,11
4143,008348.jpg,6
4144,008350.jpg,0
4145,008352.jpg,10
4146,008353.jpg,2
4147,008354.jpg,0
4148,008356.jpg,3
4149,008357.jpg,19
4150,008358.jpg,17
4151,008361.jpg,5
4152,008362.jpg,13
4153,008363.jpg,0
4154,008366.jpg,19
4155,008367.jpg,13
4156,008369.jpg,9
4157,008371.jpg,6
4158,008373.jpg,9
4159,008375.jpg,2
4160,008377.jpg,0
4161,008378.jpg,2
4162,008379.jpg,4
4163,008380.jpg,12
4164,008382.jpg,7
4165,008383.jpg,2
4166,008389.jpg,7
4167,008392.jpg,12
4168,008393.jpg,6
4169,008394.jpg,1
4170,008395.jpg,12
4171,008396.jpg,0
4172,008399.jpg,14
4173,008400.jpg,0
4174,008401.jpg,13
4175,008402.jpg,0
4176,008404.jpg,11
4177,008405.jpg,11
4178,008406.jpg,13
4179,008407.jpg,11
4180,008408.jpg,2
4181,008411.jpg,0
4182,008412.jpg,18
4183,008414.jpg,2
4184,008417.jpg,12
4185,008418.jpg,17
4186,008419.jpg,3
4187,008420.jpg,3
4188,008421.jpg,2
4189,008428.jpg,11
4190,008431.jpg,1
4191,008432.jpg,2
4192,008435.jpg,18
4193,008436.jpg,0
4194,008439.jpg,12
4195,008440.jpg,10
4196,008441.jpg,3
4197,008446.jpg,0
4198,008447.jpg,2
4199,008448.jpg,19
4200,008451.jpg,0
4201,008455.jpg,15
4202,008457.jpg,7
4203,008458.jpg,7
4204,008459.jpg,10
4205,008460.jpg,0
4206,008463.jpg,0
4207,008464.jpg,2
4208,008469.jpg,0
4209,008471.jpg,7
4210,008473.jpg,18
4211,008474.jpg,1
4212,008476.jpg,14
4213,008479.jpg,2
4214,008480.jpg,6
4215,008481.jpg,1
4216,008486.jpg,11
4217,008487.jpg,0
4218,008488.jpg,2
4219,008489.jpg,3
4220,008490.jpg,1
4221,008491.jpg,3
4222,008493.jpg,3
4223,008496.jpg,5
4224,008497.jpg,5
4225,008500.jpg,18
4226,008501.jpg,0
4227,008504.jpg,2
4228,008505.jpg,16
4229,008507.jpg,13
4230,008508.jpg,6
4231,008510.jpg,12
4232,008511.jpg,13
4233,008515.jpg,13
4234,008516.jpg,5
4235,008520.jpg,16
4236,008525.jpg,11
4237,008527.jpg,17
4238,008528.jpg,16
4239,008531.jpg,18
4240,008532.jpg,3
4241,008537.jpg,10
4242,008538.jpg,0
4243,008539.jpg,5
4244,008540.jpg,13
4245,008543.jpg,1
4246,008544.jpg,3
4247,008545.jpg,9
4248,008546.jpg,19
4249,008547.jpg,7
4250,008548.jpg,2
4251,008551.jpg,13
4252,008552.jpg,18
4253,008554.jpg,10
4254,008555.jpg,4
4255,008560.jpg,0
4256,008561.jpg,11
4257,008563.jpg,11
4258,008565.jpg,6
4259,008566.jpg,0
4260,008567.jpg,0
4261,008569.jpg,12
4262,008570.jpg,7
4263,008571.jpg,9
4264,008574.jpg,14
4265,008575.jpg,5
4266,008577.jpg,0
4267,008578.jpg,0
4268,008579.jpg,15
4269,008580.jpg,18
4270,008583.jpg,4
4271,008589.jpg,6
4272,008590.jpg,9
4273,008591.jpg,16
4274,008593.jpg,14
4275,008594.jpg,3
4276,008597.jpg,15
4277,008598.jpg,8
4278,008599.jpg,3
4279,008600.jpg,1
4280,008603.jpg,3
4281,008605.jpg,17
4282,008609.jpg,2
4283,008611.jpg,11
4284,008613.jpg,3
4285,008614.jpg,12
4286,008616.jpg,0
4287,008619.jpg,15
4288,008622.jpg,2
4289,008623.jpg,15
4290,008625.jpg,10
4291,008626.jpg,1
4292,008627.jpg,4
4293,008629.jpg,0
4294,008630.jpg,19
4295,008631.jpg,6
4296,008632.jpg,2
4297,008634.jpg,0
4298,008637.jpg,3
4299,008640.jpg,6
4300,008641.jpg,3
4301,008642.jpg,19
4302,008643.jpg,9
4303,008646.jpg,1
4304,008648.jpg,15
4305,008649.jpg,3
4306,008650.jpg,12
4307,008651.jpg,3
4308,008652.jpg,0
4309,008656.jpg,3
4310,008657.jpg,2
4311,008658.jpg,2
4312,008659.jpg,11
4313,008660.jpg,11
4314,008661.jpg,7
4315,008662.jpg,6
4316,008664.jpg,0
4317,008666.jpg,13
4318,008668.jpg,2
4319,008669.jpg,10
4320,008671.jpg,1
4321,008672.jpg,18
4322,008673.jpg,1
4323,008674.jpg,3
4324,008675.jpg,11
4325,008677.jpg,18
4326,008678.jpg,0
4327,008679.jpg,18
4328,008681.jpg,0
4329,008682.jpg,2
4330,008684.jpg,2
4331,008685.jpg,8
4332,008686.jpg,11
4333,008689.jpg,15
4334,008693.jpg,2
4335,008694.jpg,2
4336,008696.jpg,18
4337,008697.jpg,16
4338,008700.jpg,0
4339,008703.jpg,5
4340,008704.jpg,9
4341,008705.jpg,3
4342,008707.jpg,11
4343,008708.jpg,2
4344,008711.jpg,2
4345,008712.jpg,18
4346,008714.jpg,10
4347,008715.jpg,2
4348,008719.jpg,16
4349,008721.jpg,0
4350,008724.jpg,2
4351,008726.jpg,0
4352,008729.jpg,1
4353,008734.jpg,1
4354,008735.jpg,13
4355,008736.jpg,19
4356,008737.jpg,5
4357,008740.jpg,4
4358,008743.jpg,18
4359,008745.jpg,13
4360,008746.jpg,6
4361,008751.jpg,1
4362,008754.jpg,7
4363,008758.jpg,17
4364,008761.jpg,10
4365,008762.jpg,12
4366,008763.jpg,17
4367,008765.jpg,0
4368,008767.jpg,5
4369,008774.jpg,0
4370,008777.jpg,2
4371,008778.jpg,4
4372,008779.jpg,1
4373,008780.jpg,6
4374,008781.jpg,3
4375,008782.jpg,19
4376,008785.jpg,2
4377,008786.jpg,14
4378,008787.jpg,5
4379,008788.jpg,19
4380,008789.jpg,18
4381,008791.jpg,10
4382,008792.jpg,3
4383,008795.jpg,8
4384,008797.jpg,0
4385,008798.jpg,19
4386,008800.jpg,2
4387,008802.jpg,14
4388,008803.jpg,12
4389,008804.jpg,14
4390,008807.jpg,0
4391,008808.jpg,0
4392,008812.jpg,0
4393,008816.jpg,0
4394,008818.jpg,0
4395,008820.jpg,0
4396,008821.jpg,1
4397,008824.jpg,2
4398,008825.jpg,10
4399,008827.jpg,3
4400,008828.jpg,15
4401,008829.jpg,2
4402,008830.jpg,5
4403,008832.jpg,6
4404,008834.jpg,12
4405,008839.jpg,13
4406,008842.jpg,6
4407,008844.jpg,1
4408,008845.jpg,15
4409,008846.jpg,5
4410,008850.jpg,7
4411,008851.jpg,11
4412,008852.jpg,15
4413,008853.jpg,17
4414,008855.jpg,18
4415,008857.jpg,0
4416,008860.jpg,5
4417,008861.jpg,10
4418,008863.jpg,17
4419,008864.jpg,12
4420,008866.jpg,19
4421,008868.jpg,9
4422,008869.jpg,9
4423,008870.jpg,6
4424,008875.jpg,5
4425,008877.jpg,15
4426,008881.jpg,10
4427,008882.jpg,14
4428,008887.jpg,1
4429,008889.jpg,3
4430,008893.jpg,18
4431,008894.jpg,4
4432,008895.jpg,19
4433,008896.jpg,2
4434,008897.jpg,0
4435,008898.jpg,3
4436,008899.jpg,14
4437,008901.jpg,15
4438,008902.jpg,4
4439,008903.jpg,2
4440,008904.jpg,7
4441,008906.jpg,5
4442,008907.jpg,3
4443,008908.jpg,10
4444,008910.jpg,2
4445,008912.jpg,8
4446,008915.jpg,19
4447,008916.jpg,0
4448,008918.jpg,12
4449,008922.jpg,1
4450,008924.jpg,5
4451,008925.jpg,4
4452,008928.jpg,0
4453,008934.jpg,6
4454,008935.jpg,5
4455,008937.jpg,6
4456,008938.jpg,1
4457,008941.jpg,16
4458,008945.jpg,16
4459,008946.jpg,0
4460,008947.jpg,11
4461,008949.jpg,11
4462,008950.jpg,10
4463,008952.jpg,15
4464,008954.jpg,1
4465,008956.jpg,6
4466,008957.jpg,1
4467,008959.jpg,6
4468,008963.jpg,1
4469,008964.jpg,3
4470,008972.jpg,5
4471,008974.jpg,0
4472,008977.jpg,3
4473,008981.jpg,6
4474,008984.jpg,6
4475,008986.jpg,10
4476,008990.jpg,0
4477,008991.jpg,11
4478,008992.jpg,8
4479,008993.jpg,0
4480,008994.jpg,15
4481,008996.jpg,5
4482,008998.jpg,9
4483,009001.jpg,9
4484,009003.jpg,0
4485,009008.jpg,15
4486,009009.jpg,1
4487,009010.jpg,1
4488,009011.jpg,18
4489,009012.jpg,4
4490,009013.jpg,12
4491,009014.jpg,3
4492,009017.jpg,0
4493,009021.jpg,19
4494,009023.jpg,2
4495,009025.jpg,3
4496,009026.jpg,9
4497,009028.jpg,13
4498,009030.jpg,10
4499,009031.jpg,8
4500,009033.jpg,2
4501,009038.jpg,19
4502,009040.jpg,0
4503,009041.jpg,15
4504,009043.jpg,0
4505,009044.jpg,0
4506,009046.jpg,14
4507,009047.jpg,15
4508,009050.jpg,15
4509,009052.jpg,2
4510,009054.jpg,6
4511,009055.jpg,1
4512,009056.jpg,1
4513,009057.jpg,5
4514,009061.jpg,3
4515,009062.jpg,19
4516,009065.jpg,15
4517,009067.jpg,0
4518,009069.jpg,15
4519,009070.jpg,12
4520,009071.jpg,2
4521,009074.jpg,14
4522,009075.jpg,0
4523,009076.jpg,10
4524,009077.jpg,0
4525,009081.jpg,2
4526,009082.jpg,17
4527,009083.jpg,10
4528,009084.jpg,15
4529,009088.jpg,6
4530,009090.jpg,5
4531,009092.jpg,19
4532,009093.jpg,6
4533,009095.jpg,16
4534,009096.jpg,2
4535,009097.jpg,11
4536,009101.jpg,14
4537,009102.jpg,0
4538,009103.jpg,3
4539,009104.jpg,6
4540,009107.jpg,5
4541,009109.jpg,1
4542,009110.jpg,0
4543,009111.jpg,19
4544,009115.jpg,13
4545,009118.jpg,12
4546,009119.jpg,2
4547,009120.jpg,9
4548,009122.jpg,19
4549,009124.jpg,18
4550,009125.jpg,2
4551,009127.jpg,0
4552,009130.jpg,14
4553,009132.jpg,5
4554,009134.jpg,18
4555,009135.jpg,13
4556,009137.jpg,9
4557,009139.jpg,0
4558,009140.jpg,2
4559,009142.jpg,3
4560,009143.jpg,11
4561,009145.jpg,15
4562,009146.jpg,6
4563,009149.jpg,2
4564,009152.jpg,0
4565,009154.jpg,16
4566,009156.jpg,2
4567,009158.jpg,6
4568,009164.jpg,4
4569,009165.jpg,0
4570,009167.jpg,10
4571,009169.jpg,8
4572,009170.jpg,17
4573,009171.jpg,16
4574,009172.jpg,7
4575,009176.jpg,3
4576,009182.jpg,2
4577,009183.jpg,5
4578,009188.jpg,19
4579,009190.jpg,3
4580,009198.jpg,13
4581,009199.jpg,3
4582,009201.jpg,2
4583,009203.jpg,18
4584,009204.jpg,3
4585,009206.jpg,2
4586,009207.jpg,0
4587,009210.jpg,2
4588,009211.jpg,10
4589,009216.jpg,11
4590,009217.jpg,11
4591,009219.jpg,0
4592,009220.jpg,18
4593,009222.jpg,1
4594,009223.jpg,17
4595,009225.jpg,1
4596,009226.jpg,11
4597,009228.jpg,13
4598,009229.jpg,15
4599,009231.jpg,14
4600,009232.jpg,6
4601,009233.jpg,3
4602,009234.jpg,5
4603,009235.jpg,3
4604,009237.jpg,13
4605,009240.jpg,9
4606,009241.jpg,2
4607,009243.jpg,2
4608,009248.jpg,0
4609,009253.jpg,0
4610,009256.jpg,5
4611,009257.jpg,4
4612,009258.jpg,13
4613,009260.jpg,18
4614,009261.jpg,7
4615,009262.jpg,10
4616,009263.jpg,1
4617,009264.jpg,17
4618,009265.jpg,19
4619,009266.jpg,6
4620,009267.jpg,2
4621,009274.jpg,11
4622,009275.jpg,12
4623,009276.jpg,3
4624,009277.jpg,15
4625,009280.jpg,13
4626,009284.jpg,2
4627,009292.jpg,10
4628,009293.jpg,15
4629,009294.jpg,0
4630,009297.jpg,4
4631,009298.jpg,19
4632,009300.jpg,6
4633,009301.jpg,17
4634,009302.jpg,2
4635,009304.jpg,0
4636,009305.jpg,13
4637,009310.jpg,5
4638,009311.jpg,0
4639,009313.jpg,1
4640,009314.jpg,19
4641,009317.jpg,0
4642,009319.jpg,11
4643,009320.jpg,8
4644,009321.jpg,2
4645,009322.jpg,15
4646,009328.jpg,12
4647,009329.jpg,10
4648,009332.jpg,10
4649,009335.jpg,2
4650,009338.jpg,15
4651,009340.jpg,18
4652,009341.jpg,2
4653,009344.jpg,0
4654,009345.jpg,12
4655,009346.jpg,5
4656,009352.jpg,5
4657,009353.jpg,12
4658,009355.jpg,13
4659,009356.jpg,10
4660,009357.jpg,11
4661,009360.jpg,2
4662,009361.jpg,15
4663,009363.jpg,0
4664,009364.jpg,0
4665,009366.jpg,4
4666,009367.jpg,12
4667,009369.jpg,14
4668,009370.jpg,0
4669,009372.jpg,18
4670,009376.jpg,2
4671,009379.jpg,11
4672,009380.jpg,14
4673,009381.jpg,2
4674,009383.jpg,3
4675,009384.jpg,2
4676,009385.jpg,16
4677,009387.jpg,19
4678,009390.jpg,6
4679,009391.jpg,0
4680,009395.jpg,6
4681,009396.jpg,2
4682,009397.jpg,11
4683,009399.jpg,18
4684,009400.jpg,17
4685,009402.jpg,0
4686,009403.jpg,5
4687,009404.jpg,11
4688,009415.jpg,0
4689,009416.jpg,7
4690,009423.jpg,9
4691,009425.jpg,0
4692,009426.jpg,2
4693,009427.jpg,2
4694,009428.jpg,0
4695,009430.jpg,2
4696,009431.jpg,4
4697,009435.jpg,1
4698,009436.jpg,18
4699,009441.jpg,0
4700,009442.jpg,3
4701,009444.jpg,1
4702,009447.jpg,13
4703,009449.jpg,3
4704,009450.jpg,17
4705,009451.jpg,8
4706,009452.jpg,1
4707,009453.jpg,6
4708,009462.jpg,7
4709,009467.jpg,6
4710,009471.jpg,12
4711,009473.jpg,0
4712,009474.jpg,11
4713,009475.jpg,2
4714,009478.jpg,1
4715,009482.jpg,16
4716,009483.jpg,5
4717,009485.jpg,3
4718,009486.jpg,12
4719,009487.jpg,1
4720,009489.jpg,5
4721,009492.jpg,2
4722,009493.jpg,13
4723,009495.jpg,15
4724,009498.jpg,19
4725,009501.jpg,18
4726,009503.jpg,12
4727,009505.jpg,14
4728,009506.jpg,18
4729,009509.jpg,13
4730,009510.jpg,19
4731,009511.jpg,11
4732,009513.jpg,3
4733,009514.jpg,1
4734,009521.jpg,12
4735,009522.jpg,5
4736,009525.jpg,0
4737,009529.jpg,16
4738,009530.jpg,19
4739,009534.jpg,13
4740,009535.jpg,14
4741,009536.jpg,2
4742,009538.jpg,9
4743,009539.jpg,0
4744,009544.jpg,5
4745,009547.jpg,4
4746,009548.jpg,18
4747,009552.jpg,5
4748,009553.jpg,10
4749,009554.jpg,0
4750,009555.jpg,19
4751,009556.jpg,0
4752,009559.jpg,13
4753,009561.jpg,11
4754,009563.jpg,15
4755,009564.jpg,13
4756,009569.jpg,8
4757,009570.jpg,4
4758,009572.jpg,3
4759,009574.jpg,0
4760,009575.jpg,5
4761,009578.jpg,0
4762,009581.jpg,7
4763,009582.jpg,1
4764,009583.jpg,3
4765,009589.jpg,5
4766,009590.jpg,2
4767,009592.jpg,3
4768,009593.jpg,2
4769,009594.jpg,11
4770,009595.jpg,1
4771,009599.jpg,2
4772,009601.jpg,2
4773,009602.jpg,7
4774,009604.jpg,3
4775,009606.jpg,16
4776,009607.jpg,6
4777,009608.jpg,6
4778,009610.jpg,0
4779,009612.jpg,0
4780,009616.jpg,6
4781,009622.jpg,0
4782,009624.jpg,3
4783,009625.jpg,18
4784,009626.jpg,12
4785,009628.jpg,12
4786,009630.jpg,5
4787,009631.jpg,11
4788,009632.jpg,1
4789,009633.jpg,0
4790,009635.jpg,12
4791,009639.jpg,15
4792,009640.jpg,5
4793,009642.jpg,6
4794,009643.jpg,19
4795,009645.jpg,4
4796,009646.jpg,5
4797,009648.jpg,0
4798,009651.jpg,12
4799,009652.jpg,2
4800,009653.jpg,0
4801,009657.jpg,0
4802,009660.jpg,3
4803,009661.jpg,14
4804,009662.jpg,1
4805,009663.jpg,1
4806,009665.jpg,0
4807,009669.jpg,5
4808,009672.jpg,5
4809,009673.jpg,0
4810,009674.jpg,15
4811,009675.jpg,2
4812,009677.jpg,13
4813,009680.jpg,2
4814,009682.jpg,18
4815,009683.jpg,19
4816,009688.jpg,2
4817,009689.jpg,11
4818,009690.jpg,1
4819,009694.jpg,2
4820,009696.jpg,6
4821,009697.jpg,11
4822,009701.jpg,2
4823,009704.jpg,19
4824,009705.jpg,15
4825,009708.jpg,1
4826,009714.jpg,0
4827,009715.jpg,0
4828,009716.jpg,6
4829,009720.jpg,5
4830,009722.jpg,14
4831,009723.jpg,2
4832,009725.jpg,13
4833,009727.jpg,9
4834,009728.jpg,9
4835,009730.jpg,13
4836,009731.jpg,6
4837,009736.jpg,0
4838,009739.jpg,0
4839,009740.jpg,2
4840,009741.jpg,1
4841,009742.jpg,1
4842,009744.jpg,3
4843,009750.jpg,7
4844,009751.jpg,18
4845,009752.jpg,13
4846,009753.jpg,5
4847,009757.jpg,2
4848,009759.jpg,6
4849,009760.jpg,17
4850,009765.jpg,5
4851,009766.jpg,12
4852,009768.jpg,17
4853,009769.jpg,12
4854,009770.jpg,2
4855,009771.jpg,17
4856,009775.jpg,6
4857,009777.jpg,2
4858,009779.jpg,2
4859,009782.jpg,4
4860,009783.jpg,0
4861,009784.jpg,18
4862,009786.jpg,5
4863,009787.jpg,3
4864,009788.jpg,13
4865,009791.jpg,18
4866,009793.jpg,9
4867,009795.jpg,11
4868,009798.jpg,0
4869,009799.jpg,3
4870,009802.jpg,3
4871,009803.jpg,14
4872,009804.jpg,0
4873,009806.jpg,19
4874,009811.jpg,9
4875,009812.jpg,12
4876,009814.jpg,5
4877,009815.jpg,16
4878,009817.jpg,6
4879,009818.jpg,8
4880,009820.jpg,5
4881,009821.jpg,2
4882,009824.jpg,10
4883,009826.jpg,3
4884,009827.jpg,18
4885,009829.jpg,2
4886,009835.jpg,10
4887,009837.jpg,11
4888,009838.jpg,10
4889,009840.jpg,11
4890,009843.jpg,6
4891,009844.jpg,18
4892,009846.jpg,12
4893,009847.jpg,2
4894,009849.jpg,2
4895,009850.jpg,15
4896,009853.jpg,16
4897,009854.jpg,1
4898,009856.jpg,2
4899,009857.jpg,15
4900,009861.jpg,8
4901,009864.jpg,18
4902,009866.jpg,13
4903,009871.jpg,0
4904,009873.jpg,2
4905,009875.jpg,5
4906,009876.jpg,10
4907,009883.jpg,2
4908,009885.jpg,9
4909,009888.jpg,11
4910,009889.jpg,3
4911,009890.jpg,15
4912,009891.jpg,4
4913,009892.jpg,0
4914,009893.jpg,6
4915,009895.jpg,2
4916,009899.jpg,3
4917,009901.jpg,0
4918,009903.jpg,14
4919,009906.jpg,11
4920,009907.jpg,3
4921,009909.jpg,17
4922,009910.jpg,0
4923,009912.jpg,17
4924,009914.jpg,11
4925,009915.jpg,0
4926,009916.jpg,1
4927,009919.jpg,10
4928,009921.jpg,18
4929,009922.jpg,3
4930,009924.jpg,15
4931,009925.jpg,7
4932,009927.jpg,2
4933,009928.jpg,7
4934,009929.jpg,4
4935,009930.jpg,16
4936,009931.jpg,0
4937,009933.jpg,14
4938,009934.jpg,6
4939,009936.jpg,19
4940,009937.jpg,14
4941,009941.jpg,0
4942,009943.jpg,2
4943,009948.jpg,0
4944,009951.jpg,18
4945,009952.jpg,3
4946,009953.jpg,13
4947,009956.jpg,5
4948,009957.jpg,0
4949,009960.jpg,15
4950,009962.jpg,1
4951,009963.jpg,2
